user_id,day,time_spent,sessions,tasks_completed,tasks_pending,efficiency,distractions,active_sessions,longest_session,most_productive_session,engagement_level
user_1,2024-11-17,248,"[120, 119, 39, 100]",1,3,53,2,4,120,100,High
user_1,2024-11-16,244,"[22, 103]",4,0,97,3,2,103,22,High
user_1,2024-11-15,109,"[51, 110]",0,1,89,2,2,110,110,Low
user_1,2024-11-14,227,"[47, 96, 26, 74, 79]",6,5,71,2,5,96,79,High
user_1,2024-11-13,253,"[117, 102, 119]",5,2,82,0,3,119,102,High
user_1,2024-11-12,278,"[63, 47, 108, 63]",1,2,90,2,4,108,63,High
user_1,2024-11-11,287,"[43, 84, 49, 10, 86]",10,4,55,2,5,86,49,High
user_1,2024-11-10,56,"[46, 55, 97, 31]",4,4,78,0,4,97,46,Low
user_1,2024-11-09,270,"[89, 118, 27]",0,0,60,2,3,118,27,High
user_1,2024-11-08,90,"[87, 66, 31, 35, 87]",8,5,65,1,5,87,35,Low
user_1,2024-11-07,96,"[86, 94, 65, 95]",0,3,74,0,4,95,86,Low
user_1,2024-11-06,123,"[66, 62, 101]",8,1,51,1,3,101,101,Medium
user_1,2024-11-05,240,"[82, 66, 98, 22]",2,4,79,0,4,98,98,High
user_1,2024-11-04,128,"[19, 97, 72]",5,2,56,2,3,97,97,Medium
user_1,2024-11-03,218,"[70, 67, 82]",0,1,69,1,3,82,82,High
user_1,2024-11-02,203,"[62, 68, 56, 26]",0,5,84,3,4,68,26,Medium
user_1,2024-11-01,215,"[100, 94, 54]",0,5,61,2,3,100,54,High
user_1,2024-10-31,242,[87],2,3,73,1,1,87,87,High
user_1,2024-10-30,48,"[89, 94, 23]",2,1,66,1,3,94,94,Low
user_1,2024-10-29,212,"[108, 50, 67]",6,5,64,3,3,108,67,High
user_1,2024-10-28,170,"[90, 33, 58, 120]",4,0,82,0,4,120,33,Medium
user_1,2024-10-27,276,"[41, 35]",4,3,99,2,2,41,35,High
user_1,2024-10-26,158,"[26, 34, 24, 116]",7,4,76,1,4,116,34,Medium
user_1,2024-10-25,146,"[27, 76, 86, 70, 34]",8,0,97,2,5,86,76,Medium
user_1,2024-10-24,250,"[19, 70, 26, 44, 44]",5,5,94,3,5,70,44,High
user_1,2024-10-23,246,"[44, 27, 32, 34]",4,4,61,3,4,44,32,High
user_1,2024-10-22,122,"[55, 70, 47, 58]",2,0,55,3,4,70,55,Medium
user_1,2024-10-21,214,"[91, 65, 50, 62]",4,0,88,2,4,91,91,High
user_1,2024-10-20,177,[41],9,3,63,2,1,41,41,Medium
user_1,2024-10-19,300,"[76, 38]",1,1,94,3,2,76,38,High
user_2,2024-11-17,253,"[40, 101, 41, 70]",2,1,52,3,4,101,70,High
user_2,2024-11-16,71,[11],6,0,79,0,1,11,11,Low
user_2,2024-11-15,140,"[23, 87]",3,0,94,0,2,87,23,Medium
user_2,2024-11-14,136,"[89, 41]",5,3,59,2,2,89,41,Medium
user_2,2024-11-13,120,"[27, 28, 11]",10,4,73,3,3,28,27,Medium
user_2,2024-11-12,46,"[113, 77, 88, 13]",8,3,89,3,4,113,88,Low
user_2,2024-11-11,270,"[56, 110, 114, 83, 57]",5,0,72,1,5,114,83,High
user_2,2024-11-10,229,"[28, 96]",8,1,76,2,2,96,96,High
user_2,2024-11-09,263,"[15, 112, 10]",3,5,92,2,3,112,10,High
user_2,2024-11-08,110,"[44, 59, 86]",3,5,76,0,3,86,59,Low
user_2,2024-11-07,74,"[46, 21, 116]",3,1,87,1,3,116,46,Low
user_2,2024-11-06,142,"[46, 110]",9,4,60,2,2,110,46,Medium
user_2,2024-11-05,195,"[31, 34]",9,3,82,2,2,34,31,Medium
user_2,2024-11-04,217,"[75, 40, 20, 70]",1,0,83,1,4,75,75,High
user_2,2024-11-03,157,"[48, 45, 72, 114]",5,5,84,2,4,114,45,Medium
user_2,2024-11-02,90,"[85, 95, 118]",1,0,79,0,3,118,118,Low
user_2,2024-11-01,52,"[13, 42, 107, 59]",4,4,50,3,4,107,42,Low
user_2,2024-10-31,130,"[56, 70, 114, 67]",9,0,78,1,4,114,67,Medium
user_2,2024-10-30,101,"[58, 67, 85, 94, 100]",6,0,94,0,5,100,58,Low
user_2,2024-10-29,193,[44],0,2,74,0,1,44,44,Medium
user_2,2024-10-28,129,"[57, 38, 64]",8,1,53,3,3,64,64,Medium
user_2,2024-10-27,88,"[99, 43, 54, 97]",2,0,100,1,4,99,54,Low
user_2,2024-10-26,120,"[46, 38]",2,2,59,3,2,46,46,Medium
user_2,2024-10-25,211,[28],9,5,92,0,1,28,28,High
user_2,2024-10-24,166,"[69, 26, 105, 66]",0,0,82,2,4,105,26,Medium
user_2,2024-10-23,30,"[46, 46, 50]",3,5,65,0,3,50,46,Low
user_2,2024-10-22,131,"[94, 103, 60, 59]",9,3,54,3,4,103,94,Medium
user_2,2024-10-21,138,"[74, 25]",6,0,58,2,2,74,25,Medium
user_2,2024-10-20,170,"[79, 104, 94, 16]",2,3,84,2,4,104,79,Medium
user_2,2024-10-19,193,"[20, 44]",0,4,98,1,2,44,44,Medium
user_3,2024-11-17,186,"[84, 109]",2,1,91,2,2,109,84,Medium
user_3,2024-11-16,179,"[61, 17, 49, 66]",4,0,99,2,4,66,61,Medium
user_3,2024-11-15,278,"[49, 79, 64]",10,1,85,0,3,79,49,High
user_3,2024-11-14,71,"[39, 67]",6,5,83,2,2,67,39,Low
user_3,2024-11-13,270,[54],4,2,58,2,1,54,54,High
user_3,2024-11-12,38,[43],5,2,51,3,1,43,43,Low
user_3,2024-11-11,116,"[35, 23, 17, 87, 13]",2,1,84,0,5,87,87,Low
user_3,2024-11-10,158,"[65, 25]",3,2,76,3,2,65,65,Medium
user_3,2024-11-09,295,"[108, 64, 36, 36, 33]",3,2,75,0,5,108,36,High
user_3,2024-11-08,69,"[118, 117, 15, 66]",0,0,61,1,4,118,118,Low
user_3,2024-11-07,111,"[97, 73, 77, 109, 58]",0,3,93,1,5,109,109,Low
user_3,2024-11-06,166,"[16, 91, 15, 45]",2,4,82,1,4,91,91,Medium
user_3,2024-11-05,263,[115],4,3,81,2,1,115,115,High
user_3,2024-11-04,40,[104],8,5,89,0,1,104,104,Low
user_3,2024-11-03,63,[40],5,1,58,3,1,40,40,Low
user_3,2024-11-02,198,"[120, 88, 27]",10,5,81,2,3,120,120,Medium
user_3,2024-11-01,69,"[39, 27, 58]",1,5,51,1,3,58,39,Low
user_3,2024-10-31,94,"[92, 112, 47]",2,3,84,0,3,112,112,Low
user_3,2024-10-30,149,"[119, 10, 30, 103, 79]",2,3,90,0,5,119,10,Medium
user_3,2024-10-29,242,"[118, 104, 114, 43, 34]",2,1,71,0,5,118,104,High
user_3,2024-10-28,300,"[58, 88, 93, 100, 22]",8,2,93,0,5,100,93,High
user_3,2024-10-27,198,"[117, 112]",10,0,56,2,2,117,117,Medium
user_3,2024-10-26,200,[64],6,1,99,2,1,64,64,Medium
user_3,2024-10-25,261,"[93, 63]",0,2,53,0,2,93,93,High
user_3,2024-10-24,127,"[53, 15, 106, 75]",4,4,82,2,4,106,75,Medium
user_3,2024-10-23,49,"[93, 108]",7,5,95,0,2,108,93,Low
user_3,2024-10-22,191,"[43, 34]",6,5,71,0,2,43,43,Medium
user_3,2024-10-21,250,[42],9,0,90,1,1,42,42,High
user_3,2024-10-20,92,"[101, 90, 72, 29]",0,5,90,0,4,101,90,Low
user_3,2024-10-19,153,"[56, 26, 67, 89]",4,0,69,0,4,89,56,Medium
user_4,2024-11-17,286,"[110, 96, 60, 24, 70]",2,0,76,1,5,110,70,High
user_4,2024-11-16,104,"[25, 106, 92]",2,5,64,0,3,106,106,Low
user_4,2024-11-15,207,[13],7,4,84,3,1,13,13,Medium
user_4,2024-11-14,280,"[66, 104, 98, 119, 36]",10,4,72,1,5,119,98,High
user_4,2024-11-13,127,"[90, 116, 83]",0,1,67,1,3,116,83,Medium
user_4,2024-11-12,117,[33],9,5,97,0,1,33,33,Low
user_4,2024-11-11,115,"[27, 109]",2,1,62,3,2,109,27,Low
user_4,2024-11-10,108,"[115, 33, 102]",0,0,72,1,3,115,33,Low
user_4,2024-11-09,250,"[31, 48]",4,2,72,2,2,48,48,High
user_4,2024-11-08,250,[11],3,4,67,0,1,11,11,High
user_4,2024-11-07,251,"[30, 119, 94, 41]",6,4,80,2,4,119,41,High
user_4,2024-11-06,148,"[115, 114, 23, 101, 27]",5,3,96,2,5,115,115,Medium
user_4,2024-11-05,132,"[115, 20, 72, 98]",4,1,78,3,4,115,98,Medium
user_4,2024-11-04,129,"[46, 87, 24, 22]",6,1,50,1,4,87,46,Medium
user_4,2024-11-03,135,"[53, 46, 42, 60, 21]",9,0,72,2,5,60,21,Medium
user_4,2024-11-02,186,"[115, 18, 108, 14, 73]",8,4,71,3,5,115,14,Medium
user_4,2024-11-01,287,"[14, 65]",6,5,73,3,2,65,14,High
user_4,2024-10-31,223,"[88, 28, 96, 119, 56]",9,0,86,1,5,119,119,High
user_4,2024-10-30,247,[50],10,2,50,3,1,50,50,High
user_4,2024-10-29,229,"[73, 108, 42, 69, 100]",9,3,97,3,5,108,100,High
user_4,2024-10-28,247,"[110, 59, 81, 108, 72]",6,0,57,3,5,110,110,High
user_4,2024-10-27,63,"[29, 111, 115, 52, 106]",1,4,77,3,5,115,29,Low
user_4,2024-10-26,138,"[86, 78, 78]",6,4,72,2,3,86,86,Medium
user_4,2024-10-25,204,"[48, 39, 105, 116]",8,3,90,3,4,116,39,Medium
user_4,2024-10-24,35,"[79, 90, 11, 116, 73]",10,4,54,2,5,116,90,Low
user_4,2024-10-23,229,"[59, 38]",4,1,85,1,2,59,59,High
user_4,2024-10-22,286,"[83, 101, 70, 18]",10,2,64,2,4,101,18,High
user_4,2024-10-21,220,"[106, 105]",1,3,59,1,2,106,106,High
user_4,2024-10-20,249,"[43, 65]",6,2,51,3,2,65,65,High
user_4,2024-10-19,280,"[66, 26, 49, 42]",2,4,61,3,4,66,42,High
user_5,2024-11-17,46,"[93, 25, 115]",3,4,91,1,3,115,25,Low
user_5,2024-11-16,148,"[16, 108]",9,1,78,2,2,108,108,Medium
user_5,2024-11-15,218,[52],10,0,69,2,1,52,52,High
user_5,2024-11-14,147,"[31, 68]",1,3,70,3,2,68,31,Medium
user_5,2024-11-13,155,[68],6,0,60,3,1,68,68,Medium
user_5,2024-11-12,31,"[106, 36, 16]",2,0,100,3,3,106,36,Low
user_5,2024-11-11,40,"[47, 117, 105]",2,1,59,1,3,117,105,Low
user_5,2024-11-10,54,"[45, 51]",6,2,55,0,2,51,45,Low
user_5,2024-11-09,268,[56],1,4,79,2,1,56,56,High
user_5,2024-11-08,67,[63],9,5,93,2,1,63,63,Low
user_5,2024-11-07,299,"[94, 58, 62, 69]",9,0,73,3,4,94,62,High
user_5,2024-11-06,90,[120],4,3,79,1,1,120,120,Low
user_5,2024-11-05,222,"[96, 68, 10, 100]",10,4,77,0,4,100,100,High
user_5,2024-11-04,193,"[80, 75]",2,2,75,3,2,80,75,Medium
user_5,2024-11-03,175,"[45, 52, 23, 23]",8,3,57,3,4,52,23,Medium
user_5,2024-11-02,256,[91],1,3,66,0,1,91,91,High
user_5,2024-11-01,239,[62],8,1,73,1,1,62,62,High
user_5,2024-10-31,237,"[120, 99, 21]",5,5,53,1,3,120,120,High
user_5,2024-10-30,212,"[44, 14, 73, 30]",3,0,77,0,4,73,44,High
user_5,2024-10-29,194,[60],2,3,85,1,1,60,60,Medium
user_5,2024-10-28,195,"[28, 44, 100, 96]",7,3,66,1,4,100,96,Medium
user_5,2024-10-27,230,[76],0,2,97,3,1,76,76,High
user_5,2024-10-26,269,"[62, 57, 89]",5,1,64,0,3,89,62,High
user_5,2024-10-25,133,[50],10,1,66,2,1,50,50,Medium
user_5,2024-10-24,137,"[69, 114, 39, 77, 111]",7,2,99,3,5,114,111,Medium
user_5,2024-10-23,108,"[50, 104, 81, 14]",8,0,73,1,4,104,50,Low
user_5,2024-10-22,243,[39],8,2,95,2,1,39,39,High
user_5,2024-10-21,131,[94],4,4,63,2,1,94,94,Medium
user_5,2024-10-20,147,"[17, 111]",8,2,64,1,2,111,17,Medium
user_5,2024-10-19,235,"[97, 94, 15, 45, 72]",2,5,97,0,5,97,94,High
user_6,2024-11-17,33,[60],8,3,95,2,1,60,60,Low
user_6,2024-11-16,78,"[49, 97]",2,3,100,3,2,97,97,Low
user_6,2024-11-15,214,"[58, 61, 58, 87, 62]",7,2,65,2,5,87,87,High
user_6,2024-11-14,155,"[62, 77, 84, 41, 46]",3,5,91,3,5,84,41,Medium
user_6,2024-11-13,226,"[117, 70]",2,1,89,2,2,117,117,High
user_6,2024-11-12,217,"[117, 26, 50]",1,4,57,0,3,117,50,High
user_6,2024-11-11,148,[65],0,5,55,2,1,65,65,Medium
user_6,2024-11-10,111,"[50, 82, 66, 15]",7,4,83,3,4,82,50,Low
user_6,2024-11-09,140,[89],1,2,63,0,1,89,89,Medium
user_6,2024-11-08,248,"[19, 82, 31, 11, 96]",1,5,100,2,5,96,82,High
user_6,2024-11-07,36,"[92, 72, 28, 92, 66]",8,0,68,3,5,92,66,Low
user_6,2024-11-06,157,"[59, 102, 93]",5,2,75,1,3,102,102,Medium
user_6,2024-11-05,39,"[49, 81, 98, 51]",0,0,92,3,4,98,81,Low
user_6,2024-11-04,69,[20],3,1,56,0,1,20,20,Low
user_6,2024-11-03,260,[74],0,0,77,3,1,74,74,High
user_6,2024-11-02,47,"[39, 52, 110, 115, 43]",9,1,63,3,5,115,52,Low
user_6,2024-11-01,101,"[63, 99, 49, 108, 50]",9,5,99,1,5,108,49,Low
user_6,2024-10-31,198,"[64, 86]",1,0,58,1,2,86,86,Medium
user_6,2024-10-30,144,"[20, 30, 117, 75, 15]",2,0,50,1,5,117,15,Medium
user_6,2024-10-29,73,"[114, 82, 62, 118]",10,2,54,0,4,118,118,Low
user_6,2024-10-28,223,"[13, 54]",9,0,74,3,2,54,54,High
user_6,2024-10-27,72,"[31, 100, 14, 27, 29]",5,2,52,2,5,100,100,Low
user_6,2024-10-26,259,"[33, 20]",4,1,51,3,2,33,20,High
user_6,2024-10-25,158,"[104, 72, 94, 46, 34]",2,2,55,0,5,104,34,Medium
user_6,2024-10-24,272,"[104, 46, 77, 12]",4,0,88,2,4,104,46,High
user_6,2024-10-23,90,"[94, 107]",6,5,87,3,2,107,107,Low
user_6,2024-10-22,37,"[57, 46, 103]",7,2,77,1,3,103,46,Low
user_6,2024-10-21,153,"[105, 116, 25, 57, 113]",2,4,85,3,5,116,105,Medium
user_6,2024-10-20,299,[62],1,0,94,0,1,62,62,High
user_6,2024-10-19,45,"[41, 68]",5,0,59,3,2,68,41,Low
user_7,2024-11-17,287,[105],4,2,73,2,1,105,105,High
user_7,2024-11-16,277,"[29, 106, 45, 85, 27]",10,2,59,0,5,106,85,High
user_7,2024-11-15,173,"[117, 40, 85, 112, 88]",9,4,99,2,5,117,85,Medium
user_7,2024-11-14,245,"[69, 64, 74]",5,3,86,1,3,74,69,High
user_7,2024-11-13,285,"[51, 99, 86, 102]",0,2,80,2,4,102,99,High
user_7,2024-11-12,242,"[113, 85, 10, 49, 64]",1,2,82,3,5,113,10,High
user_7,2024-11-11,292,"[48, 36]",3,2,89,2,2,48,48,High
user_7,2024-11-10,118,"[39, 10, 29, 61]",9,2,97,0,4,61,10,Low
user_7,2024-11-09,147,"[104, 102, 21, 73, 76]",7,5,86,2,5,104,76,Medium
user_7,2024-11-08,264,"[90, 28, 83, 98]",9,0,66,3,4,98,90,High
user_7,2024-11-07,73,"[54, 19, 113]",1,5,99,1,3,113,113,Low
user_7,2024-11-06,135,"[110, 120]",8,2,91,2,2,120,110,Medium
user_7,2024-11-05,111,"[62, 94]",10,4,81,3,2,94,94,Low
user_7,2024-11-04,237,"[52, 89, 59]",1,2,70,3,3,89,89,High
user_7,2024-11-03,282,"[34, 107]",3,3,72,2,2,107,34,High
user_7,2024-11-02,160,"[117, 33, 88]",2,0,53,1,3,117,88,Medium
user_7,2024-11-01,51,"[63, 65]",3,2,75,3,2,65,63,Low
user_7,2024-10-31,59,"[25, 95]",4,1,65,1,2,95,95,Low
user_7,2024-10-30,136,[72],9,4,65,2,1,72,72,Medium
user_7,2024-10-29,77,[25],8,5,67,0,1,25,25,Low
user_7,2024-10-28,145,[101],10,1,63,2,1,101,101,Medium
user_7,2024-10-27,280,"[43, 110, 94, 108]",3,2,55,0,4,110,110,High
user_7,2024-10-26,258,"[106, 32, 49, 58, 62]",2,4,89,3,5,106,106,High
user_7,2024-10-25,43,"[19, 31, 116]",10,4,81,3,3,116,19,Low
user_7,2024-10-24,200,"[59, 32, 93]",10,3,91,0,3,93,93,Medium
user_7,2024-10-23,186,"[58, 56]",8,0,61,2,2,58,56,Medium
user_7,2024-10-22,108,"[96, 61, 33, 95]",10,1,88,3,4,96,96,Low
user_7,2024-10-21,126,"[77, 95]",1,4,84,3,2,95,77,Medium
user_7,2024-10-20,224,"[76, 100, 86, 27]",3,2,85,3,4,100,76,High
user_7,2024-10-19,215,[119],4,4,89,2,1,119,119,High
user_8,2024-11-17,167,"[13, 100, 79, 101, 26]",5,2,83,0,5,101,101,Medium
user_8,2024-11-16,234,"[13, 72]",5,0,74,1,2,72,72,High
user_8,2024-11-15,254,"[99, 60, 35, 105, 22]",4,3,58,1,5,105,99,High
user_8,2024-11-14,112,"[74, 100]",2,3,82,1,2,100,100,Low
user_8,2024-11-13,254,"[48, 83]",6,3,91,1,2,83,48,High
user_8,2024-11-12,43,[47],6,0,97,1,1,47,47,Low
user_8,2024-11-11,219,"[16, 36, 57, 100]",2,4,61,3,4,100,57,High
user_8,2024-11-10,155,"[29, 28, 57, 33]",3,0,90,0,4,57,28,Medium
user_8,2024-11-09,94,"[84, 52]",4,4,94,3,2,84,52,Low
user_8,2024-11-08,240,"[58, 102]",4,0,87,0,2,102,58,High
user_8,2024-11-07,209,"[96, 120, 58]",4,5,53,2,3,120,96,Medium
user_8,2024-11-06,116,"[105, 61, 67]",4,2,100,3,3,105,105,Low
user_8,2024-11-05,235,"[10, 89, 103, 10]",2,3,51,3,4,103,10,High
user_8,2024-11-04,198,[53],9,0,87,3,1,53,53,Medium
user_8,2024-11-03,257,"[91, 117, 87, 88, 78]",2,0,56,3,5,117,78,High
user_8,2024-11-02,180,"[72, 47]",3,5,64,2,2,72,47,Medium
user_8,2024-11-01,82,"[29, 109, 35, 100]",6,2,91,2,4,109,35,Low
user_8,2024-10-31,223,[90],0,1,90,0,1,90,90,High
user_8,2024-10-30,232,[22],0,0,50,3,1,22,22,High
user_8,2024-10-29,91,[114],3,5,90,3,1,114,114,Low
user_8,2024-10-28,58,[12],1,4,87,2,1,12,12,Low
user_8,2024-10-27,213,"[117, 34, 70, 43, 104]",5,2,68,2,5,117,70,High
user_8,2024-10-26,141,"[52, 95, 39, 101, 95]",10,3,51,2,5,101,52,Medium
user_8,2024-10-25,127,"[99, 17, 32, 49, 43]",9,1,78,1,5,99,99,Medium
user_8,2024-10-24,236,"[62, 84, 82]",9,3,50,2,3,84,84,High
user_8,2024-10-23,190,"[35, 87, 96, 118, 106]",4,4,56,2,5,118,35,Medium
user_8,2024-10-22,229,"[32, 103]",4,2,86,3,2,103,32,High
user_8,2024-10-21,158,"[118, 102]",0,3,81,0,2,118,118,Medium
user_8,2024-10-20,245,"[108, 105, 115, 77, 25]",8,1,56,2,5,115,105,High
user_8,2024-10-19,48,"[65, 44]",8,2,69,1,2,65,44,Low
user_9,2024-11-17,240,"[94, 119]",0,2,69,3,2,119,94,High
user_9,2024-11-16,119,"[116, 21, 104, 109]",6,0,92,3,4,116,109,Medium
user_9,2024-11-15,75,"[80, 100, 115, 24]",2,5,52,1,4,115,115,Low
user_9,2024-11-14,227,"[67, 48]",7,2,57,2,2,67,67,High
user_9,2024-11-13,277,"[50, 56, 12, 94]",2,4,76,3,4,94,94,High
user_9,2024-11-12,183,"[28, 26, 49, 57]",2,1,78,1,4,57,26,Medium
user_9,2024-11-11,246,"[73, 30, 14]",10,1,86,0,3,73,73,High
user_9,2024-11-10,109,"[21, 56, 36, 75, 119]",5,2,63,1,5,119,75,Low
user_9,2024-11-09,229,[111],0,0,59,1,1,111,111,High
user_9,2024-11-08,231,"[52, 46, 49, 54, 23]",10,4,96,1,5,54,54,High
user_9,2024-11-07,214,[16],9,4,92,1,1,16,16,High
user_9,2024-11-06,191,[45],5,1,92,1,1,45,45,Medium
user_9,2024-11-05,121,[12],10,0,99,2,1,12,12,Medium
user_9,2024-11-04,135,"[53, 40, 58, 20]",4,1,55,3,4,58,40,Medium
user_9,2024-11-03,73,[43],8,1,69,2,1,43,43,Low
user_9,2024-11-02,95,"[51, 86, 24, 23, 57]",6,3,56,1,5,86,51,Low
user_9,2024-11-01,295,"[12, 113, 76, 99]",0,5,97,3,4,113,99,High
user_9,2024-10-31,134,"[35, 88]",9,4,71,1,2,88,35,Medium
user_9,2024-10-30,43,"[42, 76, 85, 117, 75]",9,0,65,2,5,117,117,Low
user_9,2024-10-29,71,[41],2,5,80,2,1,41,41,Low
user_9,2024-10-28,279,"[113, 71, 111, 91, 100]",1,5,55,2,5,113,100,High
user_9,2024-10-27,198,"[22, 95, 112, 20]",4,4,59,0,4,112,22,Medium
user_9,2024-10-26,50,"[55, 51, 53]",6,2,69,2,3,55,51,Low
user_9,2024-10-25,76,"[117, 105, 31, 82]",3,0,81,2,4,117,117,Low
user_9,2024-10-24,154,"[14, 104, 66, 21]",1,5,96,0,4,104,14,Medium
user_9,2024-10-23,53,"[55, 13, 56, 48, 103]",8,2,99,3,5,103,48,Low
user_9,2024-10-22,196,"[70, 86, 92, 57, 107]",10,1,72,0,5,107,86,Medium
user_9,2024-10-21,53,[28],1,5,83,1,1,28,28,Low
user_9,2024-10-20,109,"[74, 32, 63]",4,4,79,1,3,74,63,Low
user_9,2024-10-19,117,[83],6,5,94,2,1,83,83,Low
user_10,2024-11-17,277,[14],9,2,52,3,1,14,14,High
user_10,2024-11-16,126,[90],2,1,50,1,1,90,90,Medium
user_10,2024-11-15,89,"[78, 91, 90, 26, 31]",6,0,62,2,5,91,78,Low
user_10,2024-11-14,30,"[107, 87]",10,0,50,0,2,107,87,Low
user_10,2024-11-13,298,"[80, 68, 73, 39]",0,2,98,0,4,80,80,High
user_10,2024-11-12,217,"[36, 108, 62, 62]",6,1,81,2,4,108,36,High
user_10,2024-11-11,124,"[90, 101]",2,5,88,3,2,101,101,Medium
user_10,2024-11-10,233,"[59, 105]",3,5,67,0,2,105,105,High
user_10,2024-11-09,185,"[26, 99, 87, 32]",3,5,92,2,4,99,26,Medium
user_10,2024-11-08,69,"[56, 48, 75, 29]",1,0,70,1,4,75,48,Low
user_10,2024-11-07,131,"[76, 15, 42]",9,0,86,1,3,76,15,Medium
user_10,2024-11-06,243,"[70, 83]",5,0,73,2,2,83,83,High
user_10,2024-11-05,234,[101],5,0,65,0,1,101,101,High
user_10,2024-11-04,218,"[50, 77, 104]",8,0,97,2,3,104,50,High
user_10,2024-11-03,232,"[43, 38, 92]",8,4,83,3,3,92,92,High
user_10,2024-11-02,234,"[40, 71, 69, 63]",3,5,58,2,4,71,69,High
user_10,2024-11-01,155,"[45, 110]",0,3,67,2,2,110,45,Medium
user_10,2024-10-31,284,"[87, 36, 66, 67]",7,2,76,0,4,87,67,High
user_10,2024-10-30,210,"[92, 23]",4,1,88,2,2,92,23,Medium
user_10,2024-10-29,163,[113],4,0,54,0,1,113,113,Medium
user_10,2024-10-28,192,"[18, 88, 30, 86]",3,3,94,1,4,88,88,Medium
user_10,2024-10-27,130,[87],6,1,50,2,1,87,87,Medium
user_10,2024-10-26,135,"[38, 33]",8,4,57,1,2,38,38,Medium
user_10,2024-10-25,291,[74],6,4,64,2,1,74,74,High
user_10,2024-10-24,169,[102],1,0,60,2,1,102,102,Medium
user_10,2024-10-23,167,"[67, 44, 75]",4,1,90,2,3,75,44,Medium
user_10,2024-10-22,31,"[53, 37, 119, 61]",9,3,89,2,4,119,53,Low
user_10,2024-10-21,235,"[114, 97, 76, 59, 80]",0,5,82,2,5,114,76,High
user_10,2024-10-20,150,[48],4,1,94,3,1,48,48,Medium
user_10,2024-10-19,119,"[59, 83]",9,4,51,0,2,83,59,Medium
user_11,2024-11-17,238,"[65, 119, 24]",9,0,82,2,3,119,65,High
user_11,2024-11-16,121,"[117, 25]",9,2,76,0,2,117,117,Medium
user_11,2024-11-15,41,"[13, 76, 53, 113]",0,4,81,3,4,113,76,Low
user_11,2024-11-14,131,[20],1,4,99,1,1,20,20,Medium
user_11,2024-11-13,131,[52],2,5,99,2,1,52,52,Medium
user_11,2024-11-12,281,[101],7,5,51,3,1,101,101,High
user_11,2024-11-11,208,"[103, 45]",6,3,53,2,2,103,45,Medium
user_11,2024-11-10,262,[70],5,3,65,0,1,70,70,High
user_11,2024-11-09,44,"[61, 56, 106, 60, 46]",6,0,81,2,5,106,56,Low
user_11,2024-11-08,185,"[23, 40, 117]",5,2,88,3,3,117,117,Medium
user_11,2024-11-07,78,"[74, 81]",4,3,71,1,2,81,81,Low
user_11,2024-11-06,289,"[81, 101]",8,2,61,3,2,101,101,High
user_11,2024-11-05,148,"[55, 52]",4,1,52,2,2,55,52,Medium
user_11,2024-11-04,168,"[120, 24]",1,2,50,2,2,120,24,Medium
user_11,2024-11-03,101,"[90, 82, 77, 68]",8,3,71,1,4,90,68,Low
user_11,2024-11-02,286,"[39, 71, 104]",1,0,60,1,3,104,104,High
user_11,2024-11-01,65,"[55, 63, 18]",0,5,56,0,3,63,63,Low
user_11,2024-10-31,38,"[61, 40, 35, 96]",1,5,69,1,4,96,35,Low
user_11,2024-10-30,166,[21],5,1,55,0,1,21,21,Medium
user_11,2024-10-29,214,"[46, 16, 50]",10,0,91,0,3,50,16,High
user_11,2024-10-28,266,"[111, 35, 44, 40]",4,5,52,3,4,111,111,High
user_11,2024-10-27,146,"[15, 78, 58]",8,2,63,3,3,78,15,Medium
user_11,2024-10-26,66,"[62, 96, 72]",3,3,69,0,3,96,72,Low
user_11,2024-10-25,43,"[105, 80, 29]",4,3,97,1,3,105,105,Low
user_11,2024-10-24,219,"[106, 23, 94, 78]",4,5,66,0,4,106,106,High
user_11,2024-10-23,64,"[90, 21, 47, 83]",6,3,59,3,4,90,83,Low
user_11,2024-10-22,266,"[63, 28, 118]",10,2,99,2,3,118,118,High
user_11,2024-10-21,173,"[95, 91]",3,2,70,0,2,95,95,Medium
user_11,2024-10-20,215,"[83, 55, 37, 108, 75]",8,0,79,2,5,108,75,High
user_11,2024-10-19,40,"[101, 53]",0,3,90,1,2,101,53,Low
user_12,2024-11-17,167,"[97, 109, 32, 58, 92]",5,1,93,2,5,109,58,Medium
user_12,2024-11-16,75,"[29, 44, 65, 51, 15]",8,3,83,0,5,65,65,Low
user_12,2024-11-15,78,"[38, 73, 55]",1,2,93,0,3,73,55,Low
user_12,2024-11-14,80,"[119, 92, 54, 27, 90]",2,0,81,3,5,119,92,Low
user_12,2024-11-13,216,[106],5,2,95,1,1,106,106,High
user_12,2024-11-12,189,"[89, 80, 39]",7,1,55,2,3,89,39,Medium
user_12,2024-11-11,42,"[62, 31, 102, 17]",0,0,54,0,4,102,31,Low
user_12,2024-11-10,66,"[58, 82, 89]",4,0,88,1,3,89,58,Low
user_12,2024-11-09,237,"[52, 99, 81]",6,0,71,3,3,99,52,High
user_12,2024-11-08,273,"[42, 74, 64, 98, 109]",7,5,54,0,5,109,109,High
user_12,2024-11-07,219,"[116, 76]",8,1,75,0,2,116,76,High
user_12,2024-11-06,279,"[21, 54]",0,1,51,2,2,54,21,High
user_12,2024-11-05,117,"[58, 115, 57, 34]",5,2,68,3,4,115,57,Low
user_12,2024-11-04,69,"[82, 100, 32, 102]",6,0,66,3,4,102,32,Low
user_12,2024-11-03,163,"[111, 97, 30, 102]",3,0,74,1,4,111,30,Medium
user_12,2024-11-02,50,"[111, 96, 87, 115, 19]",10,4,61,0,5,115,87,Low
user_12,2024-11-01,52,[10],8,3,84,0,1,10,10,Low
user_12,2024-10-31,78,"[86, 89, 107, 12]",7,0,78,2,4,107,12,Low
user_12,2024-10-30,140,"[93, 34, 95]",7,3,69,1,3,95,93,Medium
user_12,2024-10-29,32,"[117, 32, 50]",7,3,85,3,3,117,50,Low
user_12,2024-10-28,147,[84],7,0,78,3,1,84,84,Medium
user_12,2024-10-27,265,[10],6,0,95,0,1,10,10,High
user_12,2024-10-26,34,"[48, 53, 39]",8,1,99,3,3,53,48,Low
user_12,2024-10-25,260,"[13, 86, 44, 23]",1,2,75,0,4,86,23,High
user_12,2024-10-24,235,[19],1,1,75,1,1,19,19,High
user_12,2024-10-23,45,"[59, 83, 27, 71, 107]",6,5,75,2,5,107,27,Low
user_12,2024-10-22,117,"[37, 19, 51]",5,2,51,3,3,51,37,Low
user_12,2024-10-21,231,[59],9,5,55,3,1,59,59,High
user_12,2024-10-20,124,"[107, 55]",3,4,50,3,2,107,55,Medium
user_12,2024-10-19,214,"[50, 62, 79]",6,2,53,1,3,79,50,High
user_13,2024-11-17,112,"[78, 78, 110, 51, 59]",9,1,68,0,5,110,78,Low
user_13,2024-11-16,56,"[15, 57, 96, 103]",3,3,75,1,4,103,103,Low
user_13,2024-11-15,73,"[99, 14]",5,2,55,1,2,99,99,Low
user_13,2024-11-14,40,[39],8,1,95,3,1,39,39,Low
user_13,2024-11-13,293,"[70, 47, 117, 99]",8,2,98,3,4,117,117,High
user_13,2024-11-12,211,"[110, 54, 100]",2,3,79,3,3,110,100,High
user_13,2024-11-11,110,"[57, 30, 90]",9,4,75,2,3,90,57,Low
user_13,2024-11-10,35,"[33, 87]",8,4,82,0,2,87,33,Low
user_13,2024-11-09,290,"[64, 49, 103, 36, 69]",1,3,67,2,5,103,69,High
user_13,2024-11-08,84,[26],8,3,71,3,1,26,26,Low
user_13,2024-11-07,152,[102],5,5,63,1,1,102,102,Medium
user_13,2024-11-06,216,"[113, 107, 112, 40]",3,3,61,1,4,113,107,High
user_13,2024-11-05,165,[81],0,1,53,2,1,81,81,Medium
user_13,2024-11-04,40,"[45, 102, 14, 81, 112]",2,1,57,0,5,112,14,Low
user_13,2024-11-03,231,"[11, 91, 110, 45, 51]",10,1,86,1,5,110,45,High
user_13,2024-11-02,79,[71],2,4,92,2,1,71,71,Low
user_13,2024-11-01,263,"[32, 25, 74, 73]",5,1,88,2,4,74,74,High
user_13,2024-10-31,31,"[40, 85]",7,0,55,1,2,85,40,Low
user_13,2024-10-30,111,[71],10,2,62,0,1,71,71,Low
user_13,2024-10-29,215,[117],4,4,51,0,1,117,117,High
user_13,2024-10-28,277,"[116, 90, 111, 43, 109]",9,1,50,0,5,116,111,High
user_13,2024-10-27,46,"[51, 70, 41, 50]",8,4,87,1,4,70,70,Low
user_13,2024-10-26,191,"[113, 70, 96, 17]",10,5,95,1,4,113,96,Medium
user_13,2024-10-25,38,"[69, 100, 63]",1,2,95,3,3,100,69,Low
user_13,2024-10-24,267,"[78, 114, 62]",3,5,85,0,3,114,62,High
user_13,2024-10-23,126,"[10, 32, 51, 80]",10,4,98,2,4,80,80,Medium
user_13,2024-10-22,288,"[111, 62, 116, 99, 117]",8,2,74,1,5,117,116,High
user_13,2024-10-21,148,"[100, 69]",1,2,64,2,2,100,100,Medium
user_13,2024-10-20,222,"[114, 87, 29, 43, 56]",7,2,66,2,5,114,43,High
user_13,2024-10-19,53,"[57, 34, 67]",6,0,69,2,3,67,57,Low
user_14,2024-11-17,196,"[17, 54, 64, 117, 98]",0,2,89,2,5,117,117,Medium
user_14,2024-11-16,271,"[34, 102]",8,2,60,3,2,102,102,High
user_14,2024-11-15,212,"[28, 33]",3,0,59,1,2,33,33,High
user_14,2024-11-14,255,[40],8,2,86,2,1,40,40,High
user_14,2024-11-13,278,[30],5,2,77,2,1,30,30,High
user_14,2024-11-12,267,"[44, 38, 59, 37]",10,4,84,2,4,59,59,High
user_14,2024-11-11,276,"[67, 40, 83]",5,0,100,1,3,83,40,High
user_14,2024-11-10,160,[119],6,1,64,2,1,119,119,Medium
user_14,2024-11-09,78,"[38, 65, 79]",9,2,92,0,3,79,79,Low
user_14,2024-11-08,73,"[36, 88, 36, 31]",1,4,57,2,4,88,36,Low
user_14,2024-11-07,219,"[10, 21, 87, 77, 99]",7,3,91,3,5,99,21,High
user_14,2024-11-06,155,[92],8,0,94,3,1,92,92,Medium
user_14,2024-11-05,158,"[45, 113, 37, 33, 26]",5,4,95,0,5,113,33,Medium
user_14,2024-11-04,131,"[90, 94, 113]",2,0,96,0,3,113,90,Medium
user_14,2024-11-03,164,"[16, 84]",1,3,95,0,2,84,84,Medium
user_14,2024-11-02,192,"[29, 95, 109, 38, 54]",9,4,78,2,5,109,95,Medium
user_14,2024-11-01,210,"[44, 117, 48, 60]",9,2,56,1,4,117,44,Medium
user_14,2024-10-31,74,"[64, 41, 28]",1,4,54,1,3,64,64,Low
user_14,2024-10-30,82,"[51, 67, 81]",3,1,80,0,3,81,67,Low
user_14,2024-10-29,194,"[104, 59]",5,2,79,1,2,104,59,Medium
user_14,2024-10-28,60,"[71, 24]",5,3,83,1,2,71,71,Low
user_14,2024-10-27,66,"[17, 88]",5,5,91,2,2,88,17,Low
user_14,2024-10-26,199,[111],5,1,61,3,1,111,111,Medium
user_14,2024-10-25,207,"[72, 80, 104, 12, 75]",1,5,74,3,5,104,12,Medium
user_14,2024-10-24,56,"[58, 66, 57]",2,2,96,3,3,66,66,Low
user_14,2024-10-23,71,"[61, 92, 83, 42]",0,3,75,1,4,92,61,Low
user_14,2024-10-22,91,"[100, 98, 67]",0,3,90,3,3,100,98,Low
user_14,2024-10-21,281,"[68, 69, 77]",8,5,84,1,3,77,69,High
user_14,2024-10-20,165,"[112, 35, 62]",10,3,88,0,3,112,62,Medium
user_14,2024-10-19,119,"[82, 117, 70]",5,4,52,0,3,117,82,Medium
user_15,2024-11-17,71,[34],0,5,90,3,1,34,34,Low
user_15,2024-11-16,99,"[26, 88, 94, 90, 94]",2,2,99,1,5,94,90,Low
user_15,2024-11-15,266,"[39, 45, 98, 39, 65]",2,1,57,3,5,98,45,High
user_15,2024-11-14,192,"[72, 78, 105, 72, 84]",3,1,75,2,5,105,72,Medium
user_15,2024-11-13,198,[60],9,3,84,2,1,60,60,Medium
user_15,2024-11-12,132,[42],3,0,51,3,1,42,42,Medium
user_15,2024-11-11,261,"[32, 67, 25]",4,3,96,3,3,67,32,High
user_15,2024-11-10,197,"[33, 70, 23, 82]",4,1,68,0,4,82,33,Medium
user_15,2024-11-09,62,"[82, 84]",4,0,76,3,2,84,82,Low
user_15,2024-11-08,109,"[55, 28, 47, 88, 10]",5,5,72,1,5,88,10,Low
user_15,2024-11-07,103,"[53, 88, 106, 57, 24]",1,3,94,0,5,106,24,Low
user_15,2024-11-06,74,[79],3,5,91,3,1,79,79,Low
user_15,2024-11-05,119,"[92, 79]",9,1,95,0,2,92,92,Medium
user_15,2024-11-04,103,"[38, 91]",8,1,61,2,2,91,38,Low
user_15,2024-11-03,286,"[105, 106, 52, 98]",9,2,83,3,4,106,105,High
user_15,2024-11-02,283,"[101, 39]",7,4,66,1,2,101,39,High
user_15,2024-11-01,83,"[96, 28, 29, 106]",9,2,56,3,4,106,28,Low
user_15,2024-10-31,77,"[92, 14]",5,0,67,2,2,92,92,Low
user_15,2024-10-30,269,"[99, 24, 84, 18, 10]",4,1,52,2,5,99,99,High
user_15,2024-10-29,92,"[92, 56, 58]",9,1,62,2,3,92,58,Low
user_15,2024-10-28,64,"[115, 104, 31, 88, 108]",5,5,54,1,5,115,115,Low
user_15,2024-10-27,190,"[22, 96, 22, 61]",1,1,61,2,4,96,61,Medium
user_15,2024-10-26,159,[37],3,4,57,1,1,37,37,Medium
user_15,2024-10-25,30,"[40, 34, 109]",4,1,98,2,3,109,40,Low
user_15,2024-10-24,49,"[64, 41, 89, 81]",3,0,65,2,4,89,64,Low
user_15,2024-10-23,32,"[11, 63, 44, 17]",0,2,53,1,4,63,17,Low
user_15,2024-10-22,196,"[29, 31, 44, 69, 113]",1,5,100,0,5,113,44,Medium
user_15,2024-10-21,208,"[52, 54, 10, 23, 86]",2,2,60,3,5,86,10,Medium
user_15,2024-10-20,242,[106],7,3,60,2,1,106,106,High
user_15,2024-10-19,86,"[21, 62]",10,3,50,1,2,62,62,Low
user_16,2024-11-17,139,"[104, 26, 29]",5,5,78,3,3,104,29,Medium
user_16,2024-11-16,167,"[49, 64, 15]",9,2,54,1,3,64,49,Medium
user_16,2024-11-15,274,"[15, 24, 42, 76, 91]",9,2,90,0,5,91,42,High
user_16,2024-11-14,248,"[88, 15, 91, 29, 118]",9,1,51,1,5,118,91,High
user_16,2024-11-13,284,"[91, 54, 12, 20, 65]",0,5,83,2,5,91,54,High
user_16,2024-11-12,184,"[20, 89, 58, 60, 27]",2,1,96,2,5,89,89,Medium
user_16,2024-11-11,54,"[109, 95, 85, 90]",3,3,75,1,4,109,90,Low
user_16,2024-11-10,134,"[91, 117, 76]",0,1,82,3,3,117,76,Medium
user_16,2024-11-09,140,"[83, 106, 112, 19, 14]",4,4,88,1,5,112,14,Medium
user_16,2024-11-08,193,[60],10,2,64,1,1,60,60,Medium
user_16,2024-11-07,139,[27],9,3,55,1,1,27,27,Medium
user_16,2024-11-06,292,[14],10,3,64,1,1,14,14,High
user_16,2024-11-05,171,"[94, 84, 50, 82]",5,4,63,0,4,94,84,Medium
user_16,2024-11-04,276,"[14, 42, 118]",2,3,81,1,3,118,14,High
user_16,2024-11-03,238,"[19, 70, 101, 89, 59]",8,4,56,2,5,101,59,High
user_16,2024-11-02,183,"[41, 49, 92, 77]",9,0,57,2,4,92,92,Medium
user_16,2024-11-01,153,[110],7,4,74,3,1,110,110,Medium
user_16,2024-10-31,52,"[91, 93, 117, 117]",9,1,87,0,4,117,117,Low
user_16,2024-10-30,260,"[18, 37]",1,2,62,0,2,37,37,High
user_16,2024-10-29,167,"[46, 30, 34, 42]",7,4,52,3,4,46,42,Medium
user_16,2024-10-28,300,[96],1,1,54,3,1,96,96,High
user_16,2024-10-27,168,"[64, 60, 75, 88, 76]",0,4,59,3,5,88,76,Medium
user_16,2024-10-26,160,[53],8,3,71,1,1,53,53,Medium
user_16,2024-10-25,266,"[17, 73, 80, 78, 86]",7,5,60,2,5,86,78,High
user_16,2024-10-24,216,"[104, 57]",7,4,65,2,2,104,57,High
user_16,2024-10-23,163,[69],3,1,67,1,1,69,69,Medium
user_16,2024-10-22,67,[55],9,5,74,2,1,55,55,Low
user_16,2024-10-21,157,"[52, 69]",8,0,63,1,2,69,52,Medium
user_16,2024-10-20,33,"[54, 119, 37, 59, 17]",7,3,72,2,5,119,17,Low
user_16,2024-10-19,175,[66],6,2,50,2,1,66,66,Medium
user_17,2024-11-17,122,"[71, 119, 112, 93, 91]",0,0,62,2,5,119,93,Medium
user_17,2024-11-16,31,[24],4,5,91,3,1,24,24,Low
user_17,2024-11-15,257,"[37, 71, 21]",4,1,79,3,3,71,21,High
user_17,2024-11-14,149,"[98, 41, 107, 11]",9,2,62,0,4,107,41,Medium
user_17,2024-11-13,67,"[41, 115, 28]",10,5,52,1,3,115,115,Low
user_17,2024-11-12,165,"[112, 92, 63, 106]",8,2,50,0,4,112,106,Medium
user_17,2024-11-11,98,"[77, 117, 45, 118]",1,5,63,1,4,118,118,Low
user_17,2024-11-10,60,[104],0,3,60,1,1,104,104,Low
user_17,2024-11-09,151,"[111, 80, 70]",1,0,74,3,3,111,111,Medium
user_17,2024-11-08,131,"[88, 20, 120, 68, 71]",2,1,67,0,5,120,68,Medium
user_17,2024-11-07,42,[58],9,2,70,1,1,58,58,Low
user_17,2024-11-06,161,"[84, 108, 73, 70, 78]",5,1,70,2,5,108,78,Medium
user_17,2024-11-05,39,"[91, 95]",9,3,57,3,2,95,91,Low
user_17,2024-11-04,193,[36],4,1,73,0,1,36,36,Medium
user_17,2024-11-03,103,"[107, 60]",2,1,68,0,2,107,107,Low
user_17,2024-11-02,104,"[15, 115, 97, 90, 110]",8,3,96,2,5,115,97,Low
user_17,2024-11-01,182,"[66, 73, 96, 115]",5,4,81,3,4,115,96,Medium
user_17,2024-10-31,57,"[75, 120, 25, 97, 89]",7,0,52,2,5,120,75,Low
user_17,2024-10-30,255,"[113, 48, 37, 56]",5,4,94,2,4,113,113,High
user_17,2024-10-29,59,"[56, 61, 89, 37, 118]",7,4,73,2,5,118,56,Low
user_17,2024-10-28,287,"[90, 23, 49, 28, 77]",5,2,80,2,5,90,77,High
user_17,2024-10-27,106,[106],7,3,92,3,1,106,106,Low
user_17,2024-10-26,257,[87],10,1,62,3,1,87,87,High
user_17,2024-10-25,268,"[116, 120, 93, 92]",7,1,85,2,4,120,120,High
user_17,2024-10-24,218,[53],8,2,60,1,1,53,53,High
user_17,2024-10-23,59,[23],3,3,85,0,1,23,23,Low
user_17,2024-10-22,51,[47],4,2,55,0,1,47,47,Low
user_17,2024-10-21,81,"[85, 117, 42]",2,4,87,1,3,117,117,Low
user_17,2024-10-20,291,"[36, 27, 10, 92, 86]",0,1,97,3,5,92,92,High
user_17,2024-10-19,74,[109],1,0,88,2,1,109,109,Low
user_18,2024-11-17,204,"[104, 38]",1,4,86,2,2,104,104,Medium
user_18,2024-11-16,169,"[72, 89]",10,4,94,3,2,89,72,Medium
user_18,2024-11-15,250,"[41, 109]",10,5,95,0,2,109,41,High
user_18,2024-11-14,172,"[94, 110, 92, 98]",1,0,59,3,4,110,94,Medium
user_18,2024-11-13,109,"[69, 34, 78, 11, 60]",4,3,79,2,5,78,78,Low
user_18,2024-11-12,178,"[25, 60, 38, 69]",7,5,93,2,4,69,25,Medium
user_18,2024-11-11,188,"[13, 45]",4,2,81,0,2,45,45,Medium
user_18,2024-11-10,63,"[61, 26]",1,5,51,1,2,61,61,Low
user_18,2024-11-09,283,"[84, 36, 54, 16]",6,4,92,1,4,84,36,High
user_18,2024-11-08,33,"[74, 71, 20, 94]",5,4,63,3,4,94,20,Low
user_18,2024-11-07,55,"[63, 52, 28, 22, 53]",7,5,87,0,5,63,53,Low
user_18,2024-11-06,159,"[53, 105, 120, 52, 94]",8,5,65,1,5,120,105,Medium
user_18,2024-11-05,178,"[112, 100, 81, 56]",5,2,99,1,4,112,112,Medium
user_18,2024-11-04,142,"[58, 23, 107, 108, 104]",8,2,71,0,5,108,23,Medium
user_18,2024-11-03,50,"[80, 41, 56]",10,5,82,0,3,80,56,Low
user_18,2024-11-02,262,"[109, 111]",8,3,58,0,2,111,109,High
user_18,2024-11-01,189,"[109, 78, 19, 32]",10,0,87,1,4,109,19,Medium
user_18,2024-10-31,96,"[29, 74]",1,4,78,1,2,74,29,Low
user_18,2024-10-30,107,"[82, 26, 67]",9,0,74,0,3,82,82,Low
user_18,2024-10-29,283,"[76, 83, 27]",3,1,64,3,3,83,83,High
user_18,2024-10-28,32,"[72, 70, 114, 108, 106]",0,1,91,0,5,114,108,Low
user_18,2024-10-27,42,"[100, 103, 84]",3,0,71,1,3,103,84,Low
user_18,2024-10-26,290,"[30, 119, 10, 72]",8,4,97,2,4,119,30,High
user_18,2024-10-25,277,[88],8,2,65,2,1,88,88,High
user_18,2024-10-24,136,"[55, 112, 73]",2,0,94,1,3,112,112,Medium
user_18,2024-10-23,212,[89],4,5,79,1,1,89,89,High
user_18,2024-10-22,277,"[73, 108, 85, 66, 104]",9,0,94,3,5,108,66,High
user_18,2024-10-21,130,"[95, 17, 89, 78]",5,1,73,0,4,95,17,Medium
user_18,2024-10-20,211,"[59, 61, 113, 86]",1,4,91,2,4,113,86,High
user_18,2024-10-19,213,"[76, 31, 95, 29]",2,1,81,1,4,95,29,High
user_19,2024-11-17,250,"[62, 14, 65]",7,5,67,2,3,65,14,High
user_19,2024-11-16,122,"[19, 66, 118, 94]",7,4,97,1,4,118,66,Medium
user_19,2024-11-15,294,[89],0,3,82,1,1,89,89,High
user_19,2024-11-14,231,"[18, 76, 40, 114, 104]",7,1,80,1,5,114,76,High
user_19,2024-11-13,130,"[63, 30, 64, 48]",2,4,94,2,4,64,30,Medium
user_19,2024-11-12,298,"[89, 34, 86, 67, 65]",5,4,72,2,5,89,65,High
user_19,2024-11-11,152,"[67, 110, 91, 58]",5,4,76,0,4,110,110,Medium
user_19,2024-11-10,82,"[49, 20, 19]",9,0,58,0,3,49,20,Low
user_19,2024-11-09,148,"[48, 46, 53, 10]",8,4,62,3,4,53,48,Medium
user_19,2024-11-08,278,"[71, 44, 107, 31]",7,4,59,3,4,107,44,High
user_19,2024-11-07,164,[120],10,3,95,3,1,120,120,Medium
user_19,2024-11-06,102,"[23, 105, 79, 71, 99]",0,0,50,0,5,105,105,Low
user_19,2024-11-05,162,[33],6,2,73,2,1,33,33,Medium
user_19,2024-11-04,122,"[82, 76, 55, 13]",5,1,92,1,4,82,76,Medium
user_19,2024-11-03,185,"[96, 23]",10,1,98,3,2,96,96,Medium
user_19,2024-11-02,211,"[79, 86, 54, 68, 61]",10,3,58,3,5,86,79,High
user_19,2024-11-01,32,[102],9,3,77,1,1,102,102,Low
user_19,2024-10-31,195,"[105, 120, 112]",5,3,63,0,3,120,120,Medium
user_19,2024-10-30,36,[57],3,1,53,1,1,57,57,Low
user_19,2024-10-29,47,"[92, 81, 51, 97]",7,2,93,2,4,97,81,Low
user_19,2024-10-28,173,"[84, 101, 41, 38]",1,5,76,1,4,101,38,Medium
user_19,2024-10-27,76,"[16, 38]",6,2,70,1,2,38,16,Low
user_19,2024-10-26,140,"[71, 71, 108, 34, 13]",2,2,98,0,5,108,13,Medium
user_19,2024-10-25,91,[23],10,3,93,1,1,23,23,Low
user_19,2024-10-24,261,[48],4,0,99,2,1,48,48,High
user_19,2024-10-23,165,"[72, 84, 118, 59, 87]",2,3,80,2,5,118,72,Medium
user_19,2024-10-22,272,"[32, 98, 71, 112, 119]",2,1,78,1,5,119,112,High
user_19,2024-10-21,47,[79],2,4,78,1,1,79,79,Low
user_19,2024-10-20,45,"[100, 20]",8,4,88,0,2,100,100,Low
user_19,2024-10-19,161,"[21, 62, 54, 94]",1,1,82,0,4,94,94,Medium
user_20,2024-11-17,181,"[69, 15, 51, 85]",4,3,89,3,4,85,15,Medium
user_20,2024-11-16,141,"[108, 52, 105, 38, 28]",0,0,79,2,5,108,105,Medium
user_20,2024-11-15,86,"[87, 57, 93, 110]",8,2,57,1,4,110,57,Low
user_20,2024-11-14,130,"[57, 26, 92]",6,5,56,3,3,92,57,Medium
user_20,2024-11-13,73,"[109, 37]",0,3,72,2,2,109,109,Low
user_20,2024-11-12,244,"[79, 11, 61, 12]",4,5,70,2,4,79,11,High
user_20,2024-11-11,286,"[82, 119]",0,0,93,2,2,119,82,High
user_20,2024-11-10,144,"[100, 17, 28, 80, 73]",6,0,87,2,5,100,73,Medium
user_20,2024-11-09,281,[97],0,2,53,0,1,97,97,High
user_20,2024-11-08,166,"[18, 95, 63, 12, 43]",4,4,62,3,5,95,95,Medium
user_20,2024-11-07,161,"[105, 105, 42]",0,4,65,3,3,105,105,Medium
user_20,2024-11-06,109,"[33, 114, 89, 92]",2,0,69,2,4,114,114,Low
user_20,2024-11-05,164,"[20, 66, 110, 26]",0,1,59,0,4,110,66,Medium
user_20,2024-11-04,169,"[35, 23, 87, 23, 42]",1,1,97,0,5,87,42,Medium
user_20,2024-11-03,61,"[104, 77, 74, 107, 35]",4,2,62,3,5,107,77,Low
user_20,2024-11-02,187,"[66, 88, 50, 112]",3,2,67,3,4,112,112,Medium
user_20,2024-11-01,210,[15],8,0,54,1,1,15,15,Medium
user_20,2024-10-31,104,"[83, 92, 19]",3,1,89,2,3,92,19,Low
user_20,2024-10-30,147,"[108, 84, 71, 104, 105]",1,2,80,0,5,108,71,Medium
user_20,2024-10-29,259,"[87, 47, 61, 25]",1,4,54,0,4,87,61,High
user_20,2024-10-28,38,"[41, 22]",3,0,56,2,2,41,22,Low
user_20,2024-10-27,204,"[13, 15, 116]",2,5,59,0,3,116,15,Medium
user_20,2024-10-26,64,"[84, 116]",7,0,74,3,2,116,116,Low
user_20,2024-10-25,183,"[93, 111, 12, 53]",3,4,56,2,4,111,111,Medium
user_20,2024-10-24,59,"[112, 20]",3,4,74,0,2,112,20,Low
user_20,2024-10-23,62,"[34, 40, 62]",9,1,89,2,3,62,34,Low
user_20,2024-10-22,79,"[17, 48, 33, 118]",1,1,98,3,4,118,33,Low
user_20,2024-10-21,133,"[41, 44, 67]",6,5,72,3,3,67,44,Medium
user_20,2024-10-20,59,"[106, 68, 72, 49, 118]",8,1,59,0,5,118,72,Low
user_20,2024-10-19,261,[81],4,1,60,1,1,81,81,High
user_21,2024-11-17,87,"[59, 97, 14, 55, 38]",6,3,53,1,5,97,14,Low
user_21,2024-11-16,64,[29],5,2,91,3,1,29,29,Low
user_21,2024-11-15,300,"[102, 34]",4,3,73,1,2,102,34,High
user_21,2024-11-14,158,"[31, 21, 12, 86, 16]",1,4,60,0,5,86,21,Medium
user_21,2024-11-13,275,"[118, 55, 52, 97, 17]",6,0,70,0,5,118,55,High
user_21,2024-11-12,136,"[117, 12, 85, 99, 88]",1,2,92,0,5,117,85,Medium
user_21,2024-11-11,229,"[89, 82, 78]",4,2,88,0,3,89,78,High
user_21,2024-11-10,251,"[55, 50, 86]",3,1,79,2,3,86,55,High
user_21,2024-11-09,162,"[30, 101, 23, 76]",2,5,82,0,4,101,101,Medium
user_21,2024-11-08,237,[61],6,2,88,2,1,61,61,High
user_21,2024-11-07,247,"[65, 31]",1,0,88,1,2,65,65,High
user_21,2024-11-06,139,"[65, 27, 46]",5,2,83,3,3,65,27,Medium
user_21,2024-11-05,290,"[108, 62, 116, 59]",8,3,58,0,4,116,59,High
user_21,2024-11-04,176,"[20, 111, 93]",4,5,69,1,3,111,93,Medium
user_21,2024-11-03,119,"[106, 12]",2,2,85,0,2,106,12,Medium
user_21,2024-11-02,244,"[32, 25, 37]",1,1,84,0,3,37,25,High
user_21,2024-11-01,268,[90],8,0,69,3,1,90,90,High
user_21,2024-10-31,133,[11],7,4,51,1,1,11,11,Medium
user_21,2024-10-30,108,"[88, 118, 86, 16]",9,2,77,0,4,118,88,Low
user_21,2024-10-29,75,"[39, 92, 29, 100]",6,0,90,0,4,100,92,Low
user_21,2024-10-28,155,[100],3,4,97,0,1,100,100,Medium
user_21,2024-10-27,288,"[27, 14, 66, 40, 94]",0,3,76,0,5,94,66,High
user_21,2024-10-26,82,"[101, 74, 11]",3,0,66,0,3,101,101,Low
user_21,2024-10-25,67,"[60, 14, 77, 45, 42]",9,1,57,0,5,77,14,Low
user_21,2024-10-24,186,[96],0,5,91,2,1,96,96,Medium
user_21,2024-10-23,123,"[116, 29]",6,1,78,2,2,116,116,Medium
user_21,2024-10-22,194,"[53, 24]",1,0,94,2,2,53,24,Medium
user_21,2024-10-21,188,"[67, 78, 31, 45]",0,4,64,1,4,78,31,Medium
user_21,2024-10-20,40,"[118, 90]",9,2,75,3,2,118,118,Low
user_21,2024-10-19,217,"[70, 60]",9,4,72,2,2,70,60,High
user_22,2024-11-17,269,"[75, 87, 106]",1,1,59,1,3,106,106,High
user_22,2024-11-16,120,"[29, 95, 77, 114, 87]",7,4,54,3,5,114,29,Medium
user_22,2024-11-15,225,"[30, 65]",7,3,64,1,2,65,65,High
user_22,2024-11-14,236,"[41, 85]",4,3,68,1,2,85,41,High
user_22,2024-11-13,240,"[16, 15, 74, 118, 60]",9,5,85,2,5,118,118,High
user_22,2024-11-12,233,"[45, 22]",2,1,86,1,2,45,45,High
user_22,2024-11-11,286,"[85, 105]",0,4,86,1,2,105,85,High
user_22,2024-11-10,128,[51],9,5,51,0,1,51,51,Medium
user_22,2024-11-09,159,"[82, 47, 14, 62, 48]",4,3,78,2,5,82,14,Medium
user_22,2024-11-08,32,"[46, 52]",10,3,57,1,2,52,52,Low
user_22,2024-11-07,237,"[44, 25, 82, 16, 84]",1,5,63,3,5,84,82,High
user_22,2024-11-06,103,"[95, 96, 26, 33]",4,1,54,2,4,96,95,Low
user_22,2024-11-05,137,"[95, 104]",7,2,70,0,2,104,95,Medium
user_22,2024-11-04,219,[14],3,4,72,3,1,14,14,High
user_22,2024-11-03,46,"[97, 12, 63, 107]",4,2,87,1,4,107,12,Low
user_22,2024-11-02,149,"[38, 42, 17, 40, 57]",3,1,53,0,5,57,40,Medium
user_22,2024-11-01,205,"[83, 108, 112]",7,1,85,0,3,112,83,Medium
user_22,2024-10-31,222,[115],3,5,98,1,1,115,115,High
user_22,2024-10-30,179,"[68, 35, 11, 56, 33]",5,2,61,2,5,68,56,Medium
user_22,2024-10-29,30,"[78, 42, 104]",4,2,65,3,3,104,78,Low
user_22,2024-10-28,211,"[53, 50, 38, 92, 54]",3,0,69,1,5,92,38,High
user_22,2024-10-27,277,[77],7,4,59,0,1,77,77,High
user_22,2024-10-26,296,"[83, 59]",1,2,91,2,2,83,83,High
user_22,2024-10-25,68,"[120, 102, 114, 52, 83]",7,5,98,2,5,120,102,Low
user_22,2024-10-24,146,"[95, 102, 10, 26]",3,3,80,3,4,102,10,Medium
user_22,2024-10-23,60,"[95, 30, 79, 34, 28]",4,2,63,3,5,95,79,Low
user_22,2024-10-22,173,"[61, 72, 16, 37]",0,1,66,2,4,72,37,Medium
user_22,2024-10-21,256,"[114, 15]",5,0,69,0,2,114,15,High
user_22,2024-10-20,292,"[15, 74]",6,2,59,1,2,74,74,High
user_22,2024-10-19,86,"[63, 117]",6,4,87,0,2,117,63,Low
user_23,2024-11-17,223,"[19, 39, 103]",9,5,66,3,3,103,19,High
user_23,2024-11-16,135,[51],5,5,94,2,1,51,51,Medium
user_23,2024-11-15,168,[72],4,2,65,2,1,72,72,Medium
user_23,2024-11-14,129,"[23, 119, 117, 12]",9,1,91,3,4,119,119,Medium
user_23,2024-11-13,265,"[44, 111]",8,0,72,2,2,111,111,High
user_23,2024-11-12,209,"[104, 36, 79, 19]",7,3,66,1,4,104,19,Medium
user_23,2024-11-11,250,[30],1,1,55,0,1,30,30,High
user_23,2024-11-10,121,"[37, 106]",2,4,84,1,2,106,37,Medium
user_23,2024-11-09,50,"[116, 11, 81, 28, 41]",7,0,63,0,5,116,116,Low
user_23,2024-11-08,74,"[49, 109, 66]",8,2,80,1,3,109,109,Low
user_23,2024-11-07,253,"[57, 41]",9,2,95,1,2,57,57,High
user_23,2024-11-06,73,[112],4,2,55,3,1,112,112,Low
user_23,2024-11-05,261,"[103, 108, 115]",7,1,70,3,3,115,108,High
user_23,2024-11-04,279,"[96, 120, 114, 43, 16]",6,3,96,0,5,120,120,High
user_23,2024-11-03,148,"[55, 17]",5,4,51,2,2,55,55,Medium
user_23,2024-11-02,108,[115],5,3,61,1,1,115,115,Low
user_23,2024-11-01,54,"[90, 34]",3,4,73,2,2,90,90,Low
user_23,2024-10-31,213,"[70, 39, 17, 62, 116]",6,2,63,3,5,116,62,High
user_23,2024-10-30,289,"[101, 74, 82, 57, 90]",6,4,98,3,5,101,90,High
user_23,2024-10-29,185,"[52, 89, 25, 53]",4,4,52,1,4,89,25,Medium
user_23,2024-10-28,192,"[117, 13]",3,4,76,0,2,117,13,Medium
user_23,2024-10-27,172,"[110, 100, 25, 86, 25]",9,4,98,0,5,110,25,Medium
user_23,2024-10-26,213,"[12, 48, 11]",9,0,84,2,3,48,11,High
user_23,2024-10-25,265,[13],3,2,99,2,1,13,13,High
user_23,2024-10-24,153,"[96, 49, 43]",1,4,54,2,3,96,96,Medium
user_23,2024-10-23,99,[72],10,5,99,3,1,72,72,Low
user_23,2024-10-22,43,"[52, 80]",10,0,61,1,2,80,80,Low
user_23,2024-10-21,227,"[113, 78, 81, 61]",3,2,66,3,4,113,78,High
user_23,2024-10-20,291,"[31, 82, 61, 34, 59]",8,4,84,0,5,82,82,High
user_23,2024-10-19,129,"[106, 64, 103, 11, 88]",9,3,56,0,5,106,64,Medium
user_24,2024-11-17,192,"[10, 114, 45, 114, 78]",6,2,87,3,5,114,114,Medium
user_24,2024-11-16,118,"[109, 64, 41]",8,0,98,2,3,109,41,Low
user_24,2024-11-15,178,"[103, 59, 117, 92, 108]",8,0,75,3,5,117,103,Medium
user_24,2024-11-14,146,"[105, 75, 32, 56]",3,4,74,1,4,105,75,Medium
user_24,2024-11-13,123,"[98, 10, 55, 94, 45]",2,3,94,0,5,98,55,Medium
user_24,2024-11-12,212,"[105, 120]",6,0,56,0,2,120,105,High
user_24,2024-11-11,65,"[92, 102, 78, 78, 81]",3,5,93,1,5,102,78,Low
user_24,2024-11-10,104,"[87, 46]",5,0,64,3,2,87,46,Low
user_24,2024-11-09,279,"[72, 38]",2,5,61,1,2,72,72,High
user_24,2024-11-08,121,"[105, 39, 111, 39, 87]",10,1,87,0,5,111,105,Medium
user_24,2024-11-07,98,"[87, 40, 31, 15, 33]",9,2,66,1,5,87,15,Low
user_24,2024-11-06,216,"[14, 52, 76, 65]",2,2,53,1,4,76,52,High
user_24,2024-11-05,276,"[51, 40, 60, 97]",0,1,65,0,4,97,97,High
user_24,2024-11-04,208,[69],7,1,60,1,1,69,69,Medium
user_24,2024-11-03,40,"[76, 120, 32, 54]",5,5,84,2,4,120,120,Low
user_24,2024-11-02,180,"[100, 74, 64]",1,4,52,2,3,100,64,Medium
user_24,2024-11-01,184,[102],4,3,77,0,1,102,102,Medium
user_24,2024-10-31,241,"[60, 81, 107, 96]",9,5,77,1,4,107,81,High
user_24,2024-10-30,264,"[112, 93, 73, 52]",5,0,53,0,4,112,112,High
user_24,2024-10-29,80,"[41, 92, 15, 46, 22]",6,0,87,3,5,92,15,Low
user_24,2024-10-28,44,"[38, 112, 98]",9,4,93,3,3,112,98,Low
user_24,2024-10-27,148,"[76, 57, 25, 67]",7,0,70,0,4,76,25,Medium
user_24,2024-10-26,153,"[110, 80, 64, 53]",3,4,98,1,4,110,64,Medium
user_24,2024-10-25,197,"[82, 25, 110]",4,5,61,0,3,110,110,Medium
user_24,2024-10-24,33,"[49, 102, 45]",7,5,52,1,3,102,45,Low
user_24,2024-10-23,156,"[56, 44, 36, 100]",1,3,69,0,4,100,100,Medium
user_24,2024-10-22,120,"[28, 12, 120, 36, 118]",7,5,64,2,5,120,28,Medium
user_24,2024-10-21,206,"[62, 13, 65, 67, 78]",1,2,85,0,5,78,13,Medium
user_24,2024-10-20,268,"[76, 113]",8,5,95,3,2,113,113,High
user_24,2024-10-19,110,"[57, 32]",7,3,95,3,2,57,32,Low
user_25,2024-11-17,249,"[86, 53, 36]",3,0,83,1,3,86,53,High
user_25,2024-11-16,80,"[85, 83, 77, 32, 74]",2,4,87,1,5,85,74,Low
user_25,2024-11-15,201,"[110, 91, 82, 49]",2,2,77,3,4,110,49,Medium
user_25,2024-11-14,289,"[61, 46, 81, 14]",2,0,53,0,4,81,81,High
user_25,2024-11-13,55,"[110, 14, 75]",0,2,98,3,3,110,110,Low
user_25,2024-11-12,213,"[115, 39]",9,4,85,2,2,115,115,High
user_25,2024-11-11,108,"[89, 115, 29]",3,5,63,0,3,115,115,Low
user_25,2024-11-10,210,"[63, 61, 25, 90]",0,2,73,2,4,90,90,Medium
user_25,2024-11-09,91,"[51, 113, 92]",8,4,82,2,3,113,92,Low
user_25,2024-11-08,47,"[85, 84]",7,2,70,0,2,85,85,Low
user_25,2024-11-07,147,"[46, 39, 119, 77, 35]",2,5,86,0,5,119,39,Medium
user_25,2024-11-06,259,"[50, 11]",5,5,77,0,2,50,11,High
user_25,2024-11-05,51,"[22, 66]",3,4,84,0,2,66,22,Low
user_25,2024-11-04,118,"[63, 80, 76, 61]",7,2,97,1,4,80,80,Low
user_25,2024-11-03,182,[14],9,1,91,0,1,14,14,Medium
user_25,2024-11-02,289,[19],1,2,61,3,1,19,19,High
user_25,2024-11-01,185,[87],6,3,71,1,1,87,87,Medium
user_25,2024-10-31,153,"[57, 83, 109]",9,4,58,1,3,109,109,Medium
user_25,2024-10-30,113,"[80, 44]",4,3,66,1,2,80,80,Low
user_25,2024-10-29,142,"[117, 30]",7,3,92,2,2,117,117,Medium
user_25,2024-10-28,180,"[91, 13, 68, 29]",4,5,60,2,4,91,13,Medium
user_25,2024-10-27,108,"[24, 41]",4,1,94,3,2,41,41,Low
user_25,2024-10-26,118,"[108, 36, 11, 77]",1,3,79,2,4,108,36,Low
user_25,2024-10-25,90,"[75, 83, 91, 26, 49]",0,1,69,1,5,91,26,Low
user_25,2024-10-24,41,"[80, 44, 41]",4,2,75,3,3,80,44,Low
user_25,2024-10-23,217,[31],8,5,55,3,1,31,31,High
user_25,2024-10-22,228,[27],5,4,65,3,1,27,27,High
user_25,2024-10-21,156,"[60, 59, 21]",0,3,67,1,3,60,21,Medium
user_25,2024-10-20,236,"[50, 117, 40, 112, 109]",3,3,67,0,5,117,40,High
user_25,2024-10-19,162,"[10, 96, 64]",4,3,58,3,3,96,64,Medium
user_26,2024-11-17,238,"[61, 29, 113]",5,0,79,1,3,113,113,High
user_26,2024-11-16,199,"[101, 93, 87, 104, 54]",4,5,58,3,5,104,104,Medium
user_26,2024-11-15,276,"[102, 104, 81]",4,1,99,3,3,104,81,High
user_26,2024-11-14,179,[67],1,4,63,0,1,67,67,Medium
user_26,2024-11-13,215,"[23, 93]",3,2,71,3,2,93,93,High
user_26,2024-11-12,157,[38],0,0,51,2,1,38,38,Medium
user_26,2024-11-11,150,"[45, 21]",0,5,75,2,2,45,45,Medium
user_26,2024-11-10,167,"[31, 15]",1,3,92,2,2,31,15,Medium
user_26,2024-11-09,93,"[44, 107]",2,0,52,1,2,107,107,Low
user_26,2024-11-08,74,[74],1,4,72,3,1,74,74,Low
user_26,2024-11-07,88,"[98, 16, 19]",4,2,77,2,3,98,19,Low
user_26,2024-11-06,218,"[66, 17, 74, 11]",8,1,85,3,4,74,74,High
user_26,2024-11-05,179,"[117, 96, 23, 33, 87]",9,4,96,2,5,117,96,Medium
user_26,2024-11-04,223,"[83, 33, 31]",4,0,80,2,3,83,33,High
user_26,2024-11-03,291,"[48, 83, 77, 59]",6,5,54,0,4,83,77,High
user_26,2024-11-02,214,"[118, 62]",9,5,90,3,2,118,118,High
user_26,2024-11-01,173,"[98, 87, 118]",8,4,80,0,3,118,118,Medium
user_26,2024-10-31,132,"[84, 17]",7,4,73,3,2,84,17,Medium
user_26,2024-10-30,292,"[63, 40]",10,4,94,1,2,63,63,High
user_26,2024-10-29,155,"[77, 17, 48, 100, 78]",8,4,96,2,5,100,48,Medium
user_26,2024-10-28,133,"[20, 40]",6,1,80,2,2,40,40,Medium
user_26,2024-10-27,208,[98],0,5,82,3,1,98,98,Medium
user_26,2024-10-26,112,"[63, 119]",5,2,82,0,2,119,119,Low
user_26,2024-10-25,80,"[74, 52, 97, 43]",0,2,52,0,4,97,74,Low
user_26,2024-10-24,75,[103],0,0,69,3,1,103,103,Low
user_26,2024-10-23,228,"[88, 105, 22, 26]",2,3,89,0,4,105,22,High
user_26,2024-10-22,270,"[16, 113, 16, 31, 24]",9,3,55,3,5,113,24,High
user_26,2024-10-21,235,[62],8,0,53,3,1,62,62,High
user_26,2024-10-20,49,"[106, 90, 78, 66]",9,2,73,2,4,106,90,Low
user_26,2024-10-19,102,"[108, 118]",3,3,84,0,2,118,118,Low
user_27,2024-11-17,84,"[23, 66, 34, 25, 24]",2,4,61,1,5,66,25,Low
user_27,2024-11-16,94,"[118, 74, 80, 97]",3,0,86,1,4,118,74,Low
user_27,2024-11-15,228,"[101, 30, 109, 41, 47]",9,0,51,0,5,109,41,High
user_27,2024-11-14,140,"[31, 109, 61]",8,1,92,2,3,109,109,Medium
user_27,2024-11-13,285,"[89, 110, 84, 23, 80]",9,2,53,0,5,110,84,High
user_27,2024-11-12,179,"[79, 103, 102, 46, 48]",7,0,78,2,5,103,79,Medium
user_27,2024-11-11,195,"[118, 68]",10,1,96,3,2,118,68,Medium
user_27,2024-11-10,57,"[109, 72, 35, 45]",7,1,100,0,4,109,35,Low
user_27,2024-11-09,179,"[82, 58, 28, 82, 110]",9,4,51,2,5,110,82,Medium
user_27,2024-11-08,210,"[101, 28, 94, 106, 80]",0,3,51,2,5,106,80,Medium
user_27,2024-11-07,121,"[87, 69, 52, 48, 113]",3,1,82,3,5,113,52,Medium
user_27,2024-11-06,35,[108],0,1,71,2,1,108,108,Low
user_27,2024-11-05,125,"[102, 48]",7,5,52,2,2,102,102,Medium
user_27,2024-11-04,103,"[66, 27, 115]",5,4,97,2,3,115,115,Low
user_27,2024-11-03,225,"[106, 93, 69]",2,0,94,0,3,106,93,High
user_27,2024-11-02,280,"[73, 13, 46, 59]",0,3,79,2,4,73,73,High
user_27,2024-11-01,239,"[10, 53, 101, 101, 83]",2,5,83,3,5,101,83,High
user_27,2024-10-31,152,"[105, 118, 83]",0,4,87,3,3,118,105,Medium
user_27,2024-10-30,183,[107],2,5,60,2,1,107,107,Medium
user_27,2024-10-29,30,"[110, 18, 86, 34, 63]",3,5,85,0,5,110,63,Low
user_27,2024-10-28,240,[63],1,1,66,3,1,63,63,High
user_27,2024-10-27,134,"[32, 106]",4,2,100,3,2,106,32,Medium
user_27,2024-10-26,114,"[51, 91, 88, 50]",5,2,85,3,4,91,50,Low
user_27,2024-10-25,103,[110],3,0,92,3,1,110,110,Low
user_27,2024-10-24,94,"[103, 28, 116]",10,3,82,0,3,116,28,Low
user_27,2024-10-23,34,"[90, 93, 43]",10,3,99,1,3,93,43,Low
user_27,2024-10-22,210,"[33, 74]",0,5,73,0,2,74,74,Medium
user_27,2024-10-21,76,"[102, 46, 53, 61, 17]",5,0,51,0,5,102,17,Low
user_27,2024-10-20,86,"[35, 49]",8,2,87,3,2,49,49,Low
user_27,2024-10-19,41,"[37, 73]",9,0,90,2,2,73,73,Low
user_28,2024-11-17,46,"[14, 74, 116, 46]",9,0,85,0,4,116,14,Low
user_28,2024-11-16,263,"[92, 11, 114, 40]",6,0,92,2,4,114,11,High
user_28,2024-11-15,208,[14],3,1,69,1,1,14,14,Medium
user_28,2024-11-14,272,[78],3,2,55,0,1,78,78,High
user_28,2024-11-13,102,"[86, 23]",7,0,70,0,2,86,86,Low
user_28,2024-11-12,238,"[51, 37, 68]",6,3,51,2,3,68,68,High
user_28,2024-11-11,41,"[111, 112, 66]",0,5,55,3,3,112,111,Low
user_28,2024-11-10,93,"[113, 30, 64, 56]",2,2,86,0,4,113,64,Low
user_28,2024-11-09,157,[36],6,5,96,3,1,36,36,Medium
user_28,2024-11-08,230,"[31, 109, 91]",6,5,87,2,3,109,91,High
user_28,2024-11-07,41,"[13, 59, 90]",7,0,81,1,3,90,13,Low
user_28,2024-11-06,145,"[11, 98, 40, 70]",2,1,83,2,4,98,11,Medium
user_28,2024-11-05,43,"[19, 36]",0,4,94,0,2,36,36,Low
user_28,2024-11-04,50,[16],10,2,53,2,1,16,16,Low
user_28,2024-11-03,94,"[34, 53]",8,2,67,3,2,53,53,Low
user_28,2024-11-02,177,"[39, 10, 59, 106]",7,3,71,2,4,106,106,Medium
user_28,2024-11-01,125,"[117, 46, 78, 113, 61]",7,3,90,2,5,117,46,Medium
user_28,2024-10-31,142,"[18, 62, 40, 68]",5,4,70,3,4,68,62,Medium
user_28,2024-10-30,290,"[26, 88]",7,2,86,2,2,88,26,High
user_28,2024-10-29,72,"[20, 29, 20, 78]",8,4,84,3,4,78,78,Low
user_28,2024-10-28,255,"[20, 72]",9,0,94,0,2,72,20,High
user_28,2024-10-27,34,"[77, 81]",8,1,56,0,2,81,81,Low
user_28,2024-10-26,285,"[25, 73]",9,3,71,3,2,73,73,High
user_28,2024-10-25,192,"[33, 83, 76, 27, 51]",1,5,93,1,5,83,76,Medium
user_28,2024-10-24,260,"[48, 74, 60]",6,2,69,0,3,74,74,High
user_28,2024-10-23,159,"[72, 96, 103, 24, 87]",5,1,51,2,5,103,103,Medium
user_28,2024-10-22,197,"[75, 85]",2,0,64,2,2,85,85,Medium
user_28,2024-10-21,173,"[50, 69, 61]",1,0,58,0,3,69,50,Medium
user_28,2024-10-20,95,"[37, 64, 43]",1,2,76,0,3,64,43,Low
user_28,2024-10-19,167,"[115, 73]",5,5,51,2,2,115,73,Medium
user_29,2024-11-17,158,"[37, 102]",6,5,86,1,2,102,102,Medium
user_29,2024-11-16,143,"[74, 78]",6,0,93,2,2,78,74,Medium
user_29,2024-11-15,255,"[23, 94]",9,5,94,1,2,94,23,High
user_29,2024-11-14,238,"[96, 39]",1,3,77,3,2,96,39,High
user_29,2024-11-13,229,"[94, 46, 95]",4,5,90,2,3,95,46,High
user_29,2024-11-12,226,"[82, 98, 96]",1,5,58,0,3,98,96,High
user_29,2024-11-11,64,"[71, 52]",1,5,77,2,2,71,52,Low
user_29,2024-11-10,188,"[119, 60, 117]",3,0,61,2,3,119,119,Medium
user_29,2024-11-09,36,[42],4,0,81,0,1,42,42,Low
user_29,2024-11-08,146,"[50, 104, 71, 112]",2,0,92,2,4,112,50,Medium
user_29,2024-11-07,253,"[57, 82, 118]",3,3,60,2,3,118,82,High
user_29,2024-11-06,263,[94],7,1,65,2,1,94,94,High
user_29,2024-11-05,271,"[48, 100, 119, 89]",6,4,67,3,4,119,100,High
user_29,2024-11-04,290,"[69, 34, 105, 31]",3,1,83,3,4,105,69,High
user_29,2024-11-03,45,"[50, 14, 46, 62]",2,3,94,2,4,62,62,Low
user_29,2024-11-02,279,"[85, 19, 37, 105]",8,0,92,3,4,105,37,High
user_29,2024-11-01,283,[117],5,5,89,0,1,117,117,High
user_29,2024-10-31,174,"[43, 44, 101]",6,2,68,3,3,101,43,Medium
user_29,2024-10-30,86,"[90, 104]",4,5,83,0,2,104,104,Low
user_29,2024-10-29,140,"[52, 27, 109, 13, 34]",5,3,79,1,5,109,13,Medium
user_29,2024-10-28,32,"[19, 75, 68, 20, 94]",1,2,96,3,5,94,75,Low
user_29,2024-10-27,198,"[96, 27, 85]",10,1,64,2,3,96,96,Medium
user_29,2024-10-26,78,"[70, 88]",2,0,79,2,2,88,88,Low
user_29,2024-10-25,287,"[58, 21]",0,3,85,0,2,58,21,High
user_29,2024-10-24,215,"[58, 103, 113]",4,1,64,0,3,113,58,High
user_29,2024-10-23,168,"[86, 61, 48]",2,3,82,0,3,86,48,Medium
user_29,2024-10-22,58,"[50, 31, 82]",9,5,66,2,3,82,31,Low
user_29,2024-10-21,52,"[13, 32, 113, 27]",0,3,51,2,4,113,32,Low
user_29,2024-10-20,195,"[20, 12, 116, 62, 30]",3,0,58,1,5,116,12,Medium
user_29,2024-10-19,284,"[15, 107, 15, 24]",1,3,54,0,4,107,107,High
user_30,2024-11-17,161,"[97, 109, 71]",10,1,91,1,3,109,109,Medium
user_30,2024-11-16,222,"[30, 28, 81, 54]",9,2,96,1,4,81,30,High
user_30,2024-11-15,247,"[105, 114]",1,2,54,1,2,114,105,High
user_30,2024-11-14,69,[76],7,5,60,0,1,76,76,Low
user_30,2024-11-13,54,[44],6,0,96,1,1,44,44,Low
user_30,2024-11-12,238,"[70, 43, 103, 84]",0,2,98,0,4,103,103,High
user_30,2024-11-11,177,[25],9,1,65,0,1,25,25,Medium
user_30,2024-11-10,161,[115],6,0,94,2,1,115,115,Medium
user_30,2024-11-09,89,"[61, 77, 79, 118]",9,1,77,0,4,118,118,Low
user_30,2024-11-08,228,"[37, 101]",4,0,57,2,2,101,37,High
user_30,2024-11-07,113,"[81, 49, 120, 85, 112]",4,3,87,3,5,120,85,Low
user_30,2024-11-06,50,"[95, 28, 36, 12, 66]",9,2,51,0,5,95,66,Low
user_30,2024-11-05,184,[95],1,2,50,0,1,95,95,Medium
user_30,2024-11-04,95,"[22, 26]",9,4,77,3,2,26,26,Low
user_30,2024-11-03,224,"[75, 90, 26, 20]",8,3,83,1,4,90,90,High
user_30,2024-11-02,208,"[17, 101]",4,1,82,0,2,101,101,Medium
user_30,2024-11-01,275,"[23, 64]",7,4,57,2,2,64,23,High
user_30,2024-10-31,228,"[63, 80, 23, 14]",0,3,92,2,4,80,14,High
user_30,2024-10-30,241,"[80, 70, 87, 106]",4,1,99,3,4,106,70,High
user_30,2024-10-29,162,"[52, 45, 103, 33, 39]",6,5,99,0,5,103,33,Medium
user_30,2024-10-28,56,"[17, 62]",2,1,54,2,2,62,62,Low
user_30,2024-10-27,56,"[52, 81, 14, 36, 117]",2,4,74,0,5,117,52,Low
user_30,2024-10-26,236,"[43, 73]",8,4,73,2,2,73,43,High
user_30,2024-10-25,198,[50],7,1,58,2,1,50,50,Medium
user_30,2024-10-24,205,"[29, 68, 110]",9,0,77,0,3,110,110,Medium
user_30,2024-10-23,196,"[33, 34, 72]",5,1,96,1,3,72,33,Medium
user_30,2024-10-22,70,"[102, 44, 13]",1,3,89,2,3,102,13,Low
user_30,2024-10-21,240,[14],9,0,98,1,1,14,14,High
user_30,2024-10-20,242,"[58, 82, 41, 50, 68]",8,5,90,1,5,82,50,High
user_30,2024-10-19,288,[68],8,3,62,2,1,68,68,High
user_31,2024-11-17,102,"[62, 44]",7,5,58,3,2,62,44,Low
user_31,2024-11-16,178,"[43, 36, 13, 71, 35]",0,3,94,3,5,71,13,Medium
user_31,2024-11-15,55,"[117, 108, 33, 99]",1,5,85,1,4,117,117,Low
user_31,2024-11-14,166,[32],2,2,83,3,1,32,32,Medium
user_31,2024-11-13,138,[44],7,5,99,2,1,44,44,Medium
user_31,2024-11-12,163,"[39, 41]",1,0,55,3,2,41,39,Medium
user_31,2024-11-11,67,"[98, 69]",1,4,86,3,2,98,98,Low
user_31,2024-11-10,76,"[36, 105]",0,4,98,1,2,105,36,Low
user_31,2024-11-09,267,"[113, 95]",3,3,55,0,2,113,95,High
user_31,2024-11-08,166,"[26, 98]",4,0,60,1,2,98,98,Medium
user_31,2024-11-07,203,"[86, 69, 100, 28]",5,4,53,2,4,100,86,Medium
user_31,2024-11-06,89,"[22, 57, 120]",1,0,85,2,3,120,120,Low
user_31,2024-11-05,162,"[73, 42, 114]",2,2,99,2,3,114,73,Medium
user_31,2024-11-04,65,"[35, 75, 105, 55, 39]",10,4,72,3,5,105,75,Low
user_31,2024-11-03,176,"[50, 116, 39, 32, 62]",9,3,54,2,5,116,62,Medium
user_31,2024-11-02,267,"[61, 59]",8,5,97,0,2,61,61,High
user_31,2024-11-01,213,"[109, 94, 14, 76, 84]",7,4,86,0,5,109,94,High
user_31,2024-10-31,81,"[112, 102, 34, 72, 109]",5,5,87,2,5,112,109,Low
user_31,2024-10-30,288,"[106, 81, 52]",4,0,53,1,3,106,52,High
user_31,2024-10-29,138,"[115, 53, 50, 96]",0,1,59,1,4,115,50,Medium
user_31,2024-10-28,58,[87],2,0,88,2,1,87,87,Low
user_31,2024-10-27,114,"[26, 32, 103, 55]",0,3,64,1,4,103,26,Low
user_31,2024-10-26,203,[115],2,3,86,2,1,115,115,Medium
user_31,2024-10-25,256,"[118, 27]",1,3,64,2,2,118,118,High
user_31,2024-10-24,35,"[60, 78, 76, 86, 28]",3,5,89,0,5,86,86,Low
user_31,2024-10-23,41,[117],0,3,50,3,1,117,117,Low
user_31,2024-10-22,176,"[28, 84]",0,3,92,3,2,84,84,Medium
user_31,2024-10-21,281,"[115, 27, 42, 65]",2,1,50,1,4,115,42,High
user_31,2024-10-20,114,"[94, 57, 92, 41, 35]",8,5,73,0,5,94,94,Low
user_31,2024-10-19,52,[75],10,5,87,3,1,75,75,Low
user_32,2024-11-17,298,"[104, 68, 50, 11, 30]",0,3,88,0,5,104,11,High
user_32,2024-11-16,126,"[68, 95, 67]",4,0,96,0,3,95,68,Medium
user_32,2024-11-15,185,[50],0,1,76,0,1,50,50,Medium
user_32,2024-11-14,172,"[73, 14, 33, 35, 16]",0,4,71,3,5,73,35,Medium
user_32,2024-11-13,126,"[43, 30, 62]",7,4,95,1,3,62,43,Medium
user_32,2024-11-12,171,"[90, 79, 23]",2,0,87,3,3,90,79,Medium
user_32,2024-11-11,68,"[41, 92]",6,4,88,2,2,92,41,Low
user_32,2024-11-10,253,[116],6,2,80,1,1,116,116,High
user_32,2024-11-09,169,[39],9,4,51,2,1,39,39,Medium
user_32,2024-11-08,107,"[99, 60, 40, 25]",10,3,53,2,4,99,25,Low
user_32,2024-11-07,127,"[94, 114]",3,1,99,2,2,114,114,Medium
user_32,2024-11-06,261,"[65, 115]",8,5,98,0,2,115,65,High
user_32,2024-11-05,276,"[15, 60, 101, 77]",10,4,95,1,4,101,15,High
user_32,2024-11-04,242,"[62, 110]",2,2,90,2,2,110,62,High
user_32,2024-11-03,65,"[28, 35, 69, 33]",2,4,86,1,4,69,35,Low
user_32,2024-11-02,222,"[58, 21, 46, 22]",10,3,52,1,4,58,22,High
user_32,2024-11-01,243,"[117, 37, 62]",10,3,81,2,3,117,62,High
user_32,2024-10-31,251,[114],8,0,86,3,1,114,114,High
user_32,2024-10-30,62,[88],3,3,76,3,1,88,88,Low
user_32,2024-10-29,63,[51],1,5,56,1,1,51,51,Low
user_32,2024-10-28,135,"[100, 49]",10,2,92,2,2,100,49,Medium
user_32,2024-10-27,158,"[39, 61, 32, 55]",8,0,87,1,4,61,32,Medium
user_32,2024-10-26,161,"[54, 112, 80]",0,1,83,1,3,112,80,Medium
user_32,2024-10-25,251,"[56, 82, 31]",10,5,68,3,3,82,82,High
user_32,2024-10-24,163,[40],8,4,53,1,1,40,40,Medium
user_32,2024-10-23,266,"[88, 20, 102]",9,4,91,2,3,102,102,High
user_32,2024-10-22,296,"[57, 43, 94, 14]",7,0,98,2,4,94,94,High
user_32,2024-10-21,141,"[84, 91, 101]",9,3,69,2,3,101,101,Medium
user_32,2024-10-20,95,"[107, 87, 76]",0,1,51,0,3,107,107,Low
user_32,2024-10-19,220,"[27, 19]",9,4,81,1,2,27,27,High
user_33,2024-11-17,107,"[20, 71]",9,4,58,0,2,71,71,Low
user_33,2024-11-16,134,"[28, 16, 85, 42, 68]",9,2,65,2,5,85,85,Medium
user_33,2024-11-15,250,"[55, 53, 99, 49, 67]",5,5,96,2,5,99,49,High
user_33,2024-11-14,250,"[28, 49]",8,1,74,1,2,49,28,High
user_33,2024-11-13,191,"[92, 110, 108, 11]",8,4,75,3,4,110,110,Medium
user_33,2024-11-12,289,"[39, 24, 104, 58]",2,5,55,1,4,104,104,High
user_33,2024-11-11,85,[40],3,0,92,2,1,40,40,Low
user_33,2024-11-10,278,[24],6,5,83,0,1,24,24,High
user_33,2024-11-09,153,"[35, 30, 18]",9,2,98,2,3,35,35,Medium
user_33,2024-11-08,254,"[95, 35, 50]",8,3,85,3,3,95,50,High
user_33,2024-11-07,249,[32],6,2,100,2,1,32,32,High
user_33,2024-11-06,283,[93],2,1,77,2,1,93,93,High
user_33,2024-11-05,237,"[80, 105]",3,2,93,1,2,105,105,High
user_33,2024-11-04,150,"[42, 76, 47, 18]",5,0,62,2,4,76,18,Medium
user_33,2024-11-03,106,"[102, 99, 15, 27]",8,5,72,2,4,102,102,Low
user_33,2024-11-02,153,"[67, 41, 72]",6,2,70,1,3,72,41,Medium
user_33,2024-11-01,96,[55],0,4,82,1,1,55,55,Low
user_33,2024-10-31,249,"[30, 93, 100]",6,4,52,2,3,100,93,High
user_33,2024-10-30,208,[67],5,0,70,1,1,67,67,Medium
user_33,2024-10-29,160,[34],0,3,73,0,1,34,34,Medium
user_33,2024-10-28,135,"[97, 71]",8,1,93,3,2,97,97,Medium
user_33,2024-10-27,236,"[67, 84, 116]",0,3,81,0,3,116,67,High
user_33,2024-10-26,48,"[88, 74, 100, 21, 68]",4,3,85,0,5,100,68,Low
user_33,2024-10-25,194,"[27, 27, 106, 53]",0,4,72,0,4,106,27,Medium
user_33,2024-10-24,279,"[71, 23, 32, 37, 111]",5,1,74,1,5,111,111,High
user_33,2024-10-23,41,"[14, 73, 111, 48, 62]",4,3,73,0,5,111,14,Low
user_33,2024-10-22,285,"[49, 94, 111]",7,0,53,0,3,111,49,High
user_33,2024-10-21,35,"[18, 87, 55, 101, 111]",0,4,60,1,5,111,87,Low
user_33,2024-10-20,217,"[107, 39]",2,1,72,0,2,107,107,High
user_33,2024-10-19,241,"[109, 48, 77, 23, 54]",3,1,59,1,5,109,23,High
user_34,2024-11-17,167,"[96, 98]",6,2,90,2,2,98,96,Medium
user_34,2024-11-16,55,"[65, 85, 49, 60, 74]",8,2,80,0,5,85,49,Low
user_34,2024-11-15,110,"[108, 26]",8,2,80,2,2,108,108,Low
user_34,2024-11-14,66,"[87, 69, 15, 77, 27]",8,3,70,0,5,87,69,Low
user_34,2024-11-13,33,"[27, 47, 46, 12]",5,4,64,2,4,47,27,Low
user_34,2024-11-12,128,[111],5,5,70,2,1,111,111,Medium
user_34,2024-11-11,148,"[21, 110]",2,4,69,1,2,110,110,Medium
user_34,2024-11-10,113,"[28, 66, 65, 89]",2,2,94,2,4,89,66,Low
user_34,2024-11-09,99,[69],7,3,68,3,1,69,69,Low
user_34,2024-11-08,295,"[77, 16, 105]",2,2,97,2,3,105,105,High
user_34,2024-11-07,102,"[25, 101, 65, 67]",4,0,59,2,4,101,25,Low
user_34,2024-11-06,228,"[114, 23]",10,4,98,2,2,114,114,High
user_34,2024-11-05,257,"[67, 13, 45, 63, 48]",6,3,69,2,5,67,13,High
user_34,2024-11-04,210,"[52, 120, 80, 39]",3,3,94,2,4,120,120,Medium
user_34,2024-11-03,53,"[111, 72, 69, 43, 41]",5,5,62,0,5,111,43,Low
user_34,2024-11-02,58,"[102, 82, 46]",2,3,63,2,3,102,82,Low
user_34,2024-11-01,63,"[69, 62, 19]",0,0,50,2,3,69,69,Low
user_34,2024-10-31,186,"[114, 93]",3,4,83,3,2,114,93,Medium
user_34,2024-10-30,59,"[36, 42, 83]",7,2,95,3,3,83,83,Low
user_34,2024-10-29,220,"[83, 88]",10,5,62,2,2,88,83,High
user_34,2024-10-28,285,"[42, 107, 75, 47]",4,3,96,2,4,107,75,High
user_34,2024-10-27,40,[44],5,3,72,0,1,44,44,Low
user_34,2024-10-26,42,"[96, 41, 17, 87, 45]",2,5,100,2,5,96,41,Low
user_34,2024-10-25,131,"[13, 59]",3,3,53,3,2,59,13,Medium
user_34,2024-10-24,267,"[66, 44, 12, 24, 66]",4,2,70,1,5,66,24,High
user_34,2024-10-23,231,"[105, 30, 36, 45]",6,1,85,0,4,105,105,High
user_34,2024-10-22,172,"[67, 11, 63, 107, 104]",10,1,72,1,5,107,63,Medium
user_34,2024-10-21,176,"[103, 71, 120]",5,0,57,3,3,120,71,Medium
user_34,2024-10-20,238,"[23, 30, 85, 15, 10]",9,3,65,1,5,85,85,High
user_34,2024-10-19,213,"[80, 23, 34]",8,0,80,0,3,80,34,High
user_35,2024-11-17,229,[86],4,2,90,3,1,86,86,High
user_35,2024-11-16,259,"[117, 14, 53]",7,4,52,2,3,117,53,High
user_35,2024-11-15,197,"[47, 84, 96]",7,2,80,3,3,96,47,Medium
user_35,2024-11-14,271,"[99, 78]",8,4,51,1,2,99,99,High
user_35,2024-11-13,152,"[108, 43, 68, 42]",9,5,95,1,4,108,42,Medium
user_35,2024-11-12,135,"[62, 103, 117, 34]",5,4,65,0,4,117,117,Medium
user_35,2024-11-11,184,"[47, 61]",4,0,55,1,2,61,61,Medium
user_35,2024-11-10,282,[69],5,0,82,3,1,69,69,High
user_35,2024-11-09,247,"[111, 103, 63, 34, 13]",6,3,64,0,5,111,63,High
user_35,2024-11-08,251,[26],1,1,51,1,1,26,26,High
user_35,2024-11-07,84,"[45, 74]",3,1,62,2,2,74,45,Low
user_35,2024-11-06,237,"[100, 114]",5,5,61,1,2,114,114,High
user_35,2024-11-05,37,[18],5,0,86,1,1,18,18,Low
user_35,2024-11-04,275,"[32, 46, 34]",6,2,83,2,3,46,46,High
user_35,2024-11-03,135,"[33, 24, 69, 104]",9,1,58,2,4,104,24,Medium
user_35,2024-11-02,240,"[44, 75]",9,4,98,1,2,75,75,High
user_35,2024-11-01,259,"[97, 32, 93, 34, 70]",4,1,82,3,5,97,70,High
user_35,2024-10-31,168,"[19, 111, 94]",5,4,75,1,3,111,19,Medium
user_35,2024-10-30,165,"[28, 39]",4,2,57,2,2,39,28,Medium
user_35,2024-10-29,115,[74],8,4,79,1,1,74,74,Low
user_35,2024-10-28,296,"[94, 72, 45, 18]",8,3,54,0,4,94,45,High
user_35,2024-10-27,187,"[11, 63, 87]",4,4,61,0,3,87,87,Medium
user_35,2024-10-26,107,[11],8,2,88,3,1,11,11,Low
user_35,2024-10-25,217,"[69, 55]",5,1,93,3,2,69,69,High
user_35,2024-10-24,300,"[80, 90, 101, 30, 49]",3,5,52,3,5,101,30,High
user_35,2024-10-23,214,"[114, 21, 95, 104, 58]",8,3,96,0,5,114,58,High
user_35,2024-10-22,128,"[17, 71, 65, 76]",7,0,51,2,4,76,71,Medium
user_35,2024-10-21,51,"[22, 12, 27, 103]",5,2,79,1,4,103,27,Low
user_35,2024-10-20,83,[66],0,4,52,3,1,66,66,Low
user_35,2024-10-19,196,"[99, 46, 27]",6,1,92,2,3,99,46,Medium
user_36,2024-11-17,93,"[119, 86, 62, 13, 105]",3,4,60,2,5,119,119,Low
user_36,2024-11-16,117,"[80, 120, 78, 18, 41]",4,3,78,1,5,120,80,Low
user_36,2024-11-15,99,"[112, 31]",2,4,51,1,2,112,112,Low
user_36,2024-11-14,203,"[45, 24, 109, 59]",5,3,58,1,4,109,24,Medium
user_36,2024-11-13,142,[59],3,0,53,2,1,59,59,Medium
user_36,2024-11-12,146,"[95, 48, 22, 115]",7,2,73,0,4,115,22,Medium
user_36,2024-11-11,64,"[11, 49]",0,2,52,2,2,49,49,Low
user_36,2024-11-10,196,"[70, 81]",4,5,57,1,2,81,81,Medium
user_36,2024-11-09,136,"[41, 30, 76, 88, 66]",8,2,50,0,5,88,30,Medium
user_36,2024-11-08,272,"[101, 85, 29, 62]",0,5,94,3,4,101,85,High
user_36,2024-11-07,257,"[100, 23, 48]",4,3,55,0,3,100,100,High
user_36,2024-11-06,276,"[77, 40, 92, 96]",2,1,81,0,4,96,77,High
user_36,2024-11-05,37,"[44, 70, 62, 59, 30]",6,5,97,1,5,70,44,Low
user_36,2024-11-04,81,[42],3,0,75,3,1,42,42,Low
user_36,2024-11-03,214,"[65, 89, 30, 72]",8,0,51,1,4,89,65,High
user_36,2024-11-02,136,"[67, 117, 116, 86]",3,2,81,0,4,117,116,Medium
user_36,2024-11-01,268,[12],0,5,68,0,1,12,12,High
user_36,2024-10-31,114,"[102, 93, 61]",7,0,88,0,3,102,93,Low
user_36,2024-10-30,177,"[28, 73, 70, 41, 85]",7,2,68,0,5,85,28,Medium
user_36,2024-10-29,115,"[31, 18]",9,1,64,1,2,31,31,Low
user_36,2024-10-28,56,"[25, 108, 19, 48, 68]",10,4,66,1,5,108,68,Low
user_36,2024-10-27,228,"[78, 119, 18]",1,4,61,0,3,119,18,High
user_36,2024-10-26,284,"[32, 110, 113, 100, 18]",9,0,99,3,5,113,18,High
user_36,2024-10-25,212,"[76, 61]",0,1,60,1,2,76,61,High
user_36,2024-10-24,217,"[118, 113, 18, 17]",3,2,63,2,4,118,17,High
user_36,2024-10-23,245,"[72, 106, 83, 24]",1,0,70,2,4,106,106,High
user_36,2024-10-22,97,"[94, 88, 103]",0,5,88,2,3,103,88,Low
user_36,2024-10-21,43,"[85, 38]",8,1,92,2,2,85,38,Low
user_36,2024-10-20,56,"[31, 105, 106]",9,5,67,1,3,106,105,Low
user_36,2024-10-19,276,"[119, 91, 48, 21]",3,1,98,3,4,119,119,High
user_37,2024-11-17,187,"[38, 74, 54, 61, 19]",0,4,87,2,5,74,19,Medium
user_37,2024-11-16,87,"[120, 95, 62]",0,3,52,2,3,120,95,Low
user_37,2024-11-15,76,"[34, 60]",9,3,82,3,2,60,34,Low
user_37,2024-11-14,219,[100],7,3,74,2,1,100,100,High
user_37,2024-11-13,160,"[43, 15]",0,3,57,0,2,43,43,Medium
user_37,2024-11-12,162,"[79, 43, 29, 30, 41]",1,0,62,2,5,79,29,Medium
user_37,2024-11-11,217,"[76, 105]",4,2,91,2,2,105,105,High
user_37,2024-11-10,35,"[106, 112, 16, 18, 45]",5,4,55,1,5,112,18,Low
user_37,2024-11-09,30,"[83, 21]",8,3,82,3,2,83,83,Low
user_37,2024-11-08,187,"[109, 81, 23]",0,1,74,2,3,109,109,Medium
user_37,2024-11-07,168,"[65, 69]",6,2,53,2,2,69,65,Medium
user_37,2024-11-06,60,[21],0,1,98,0,1,21,21,Low
user_37,2024-11-05,185,"[17, 73, 34, 107]",5,1,92,0,4,107,73,Medium
user_37,2024-11-04,178,"[92, 109]",10,5,95,0,2,109,109,Medium
user_37,2024-11-03,151,"[106, 26]",5,1,63,0,2,106,26,Medium
user_37,2024-11-02,113,"[103, 23, 24, 40]",6,3,81,3,4,103,40,Low
user_37,2024-11-01,261,"[106, 71, 118]",8,4,93,0,3,118,71,High
user_37,2024-10-31,280,[81],10,4,72,1,1,81,81,High
user_37,2024-10-30,225,"[88, 69, 18, 63]",3,3,100,3,4,88,88,High
user_37,2024-10-29,172,"[80, 92, 110, 48]",5,1,93,1,4,110,92,Medium
user_37,2024-10-28,249,[15],9,2,53,2,1,15,15,High
user_37,2024-10-27,81,"[85, 25, 22, 69]",5,0,66,2,4,85,25,Low
user_37,2024-10-26,247,"[99, 26, 71]",2,5,54,3,3,99,26,High
user_37,2024-10-25,213,"[51, 102, 109, 17]",2,0,92,2,4,109,109,High
user_37,2024-10-24,175,"[36, 89, 97, 115, 96]",5,1,58,1,5,115,97,Medium
user_37,2024-10-23,93,"[61, 43, 68, 51, 98]",0,3,54,1,5,98,68,Low
user_37,2024-10-22,289,"[15, 68, 31, 107, 100]",3,5,55,2,5,107,15,High
user_37,2024-10-21,265,[73],3,1,87,0,1,73,73,High
user_37,2024-10-20,56,"[104, 85]",5,2,79,1,2,104,104,Low
user_37,2024-10-19,300,"[84, 43, 120, 72]",6,0,61,1,4,120,43,High
user_38,2024-11-17,223,"[24, 80, 96, 104]",1,4,87,3,4,104,24,High
user_38,2024-11-16,111,"[88, 42, 21, 54]",7,5,65,2,4,88,42,Low
user_38,2024-11-15,71,"[61, 51, 54, 14, 16]",0,0,51,3,5,61,16,Low
user_38,2024-11-14,269,"[116, 58, 98]",9,0,70,0,3,116,58,High
user_38,2024-11-13,226,"[19, 27]",1,3,81,0,2,27,27,High
user_38,2024-11-12,184,"[100, 110, 60]",9,5,95,0,3,110,110,Medium
user_38,2024-11-11,39,"[70, 66, 59, 89]",9,5,72,1,4,89,59,Low
user_38,2024-11-10,284,[107],3,0,80,2,1,107,107,High
user_38,2024-11-09,275,"[58, 110, 63, 26, 19]",8,3,100,2,5,110,26,High
user_38,2024-11-08,244,"[74, 94]",9,4,70,2,2,94,94,High
user_38,2024-11-07,67,"[86, 91, 115, 72]",5,4,56,0,4,115,115,Low
user_38,2024-11-06,218,"[10, 107, 20]",4,1,82,3,3,107,107,High
user_38,2024-11-05,250,"[34, 103]",3,1,97,0,2,103,103,High
user_38,2024-11-04,167,"[50, 98]",3,4,60,2,2,98,98,Medium
user_38,2024-11-03,58,"[107, 109]",4,3,51,2,2,109,109,Low
user_38,2024-11-02,281,[78],3,1,64,3,1,78,78,High
user_38,2024-11-01,37,[85],0,2,91,2,1,85,85,Low
user_38,2024-10-31,38,"[67, 117, 57, 24, 118]",3,2,54,0,5,118,67,Low
user_38,2024-10-30,96,"[87, 19, 27, 51, 85]",8,2,62,2,5,87,19,Low
user_38,2024-10-29,92,"[24, 26, 120]",3,4,55,1,3,120,120,Low
user_38,2024-10-28,282,"[14, 113, 79]",5,2,67,1,3,113,14,High
user_38,2024-10-27,286,"[53, 93, 110, 40, 94]",6,5,54,0,5,110,53,High
user_38,2024-10-26,67,"[66, 115, 31]",4,5,96,1,3,115,66,Low
user_38,2024-10-25,75,"[91, 40]",6,2,50,2,2,91,91,Low
user_38,2024-10-24,234,"[119, 88]",3,5,60,0,2,119,119,High
user_38,2024-10-23,101,"[100, 51, 49]",1,2,54,1,3,100,49,Low
user_38,2024-10-22,140,"[22, 92, 77]",9,0,93,3,3,92,77,Medium
user_38,2024-10-21,46,"[37, 79, 96, 79, 12]",7,1,58,2,5,96,37,Low
user_38,2024-10-20,272,[72],9,2,84,2,1,72,72,High
user_38,2024-10-19,104,[82],2,0,71,0,1,82,82,Low
user_39,2024-11-17,149,"[62, 89, 71, 111, 109]",4,0,64,2,5,111,62,Medium
user_39,2024-11-16,133,"[69, 82, 21, 103]",9,5,96,1,4,103,103,Medium
user_39,2024-11-15,295,"[69, 61, 118, 82]",2,3,53,1,4,118,61,High
user_39,2024-11-14,264,[94],0,5,94,0,1,94,94,High
user_39,2024-11-13,294,"[90, 22, 14, 18]",6,5,51,2,4,90,18,High
user_39,2024-11-12,45,"[60, 60]",6,3,57,2,2,60,60,Low
user_39,2024-11-11,277,"[24, 100]",9,2,54,2,2,100,100,High
user_39,2024-11-10,206,"[81, 97, 99, 28, 72]",6,0,88,3,5,99,97,Medium
user_39,2024-11-09,231,[102],5,2,88,0,1,102,102,High
user_39,2024-11-08,143,"[65, 38, 36, 62, 106]",1,0,72,2,5,106,62,Medium
user_39,2024-11-07,234,"[30, 32, 28, 92, 85]",2,5,67,0,5,92,92,High
user_39,2024-11-06,208,"[83, 46]",7,4,53,3,2,83,83,Medium
user_39,2024-11-05,92,"[64, 31, 108]",4,5,99,0,3,108,108,Low
user_39,2024-11-04,259,"[96, 18, 66]",2,3,84,2,3,96,96,High
user_39,2024-11-03,198,"[56, 70, 106, 109]",2,1,51,1,4,109,109,Medium
user_39,2024-11-02,256,"[105, 106, 89]",1,1,95,2,3,106,106,High
user_39,2024-11-01,84,"[78, 24]",2,5,86,2,2,78,24,Low
user_39,2024-10-31,95,"[103, 120, 92, 88, 52]",3,0,62,2,5,120,92,Low
user_39,2024-10-30,181,"[25, 63, 40, 75, 42]",5,4,94,0,5,75,25,Medium
user_39,2024-10-29,75,"[53, 89]",4,4,86,2,2,89,53,Low
user_39,2024-10-28,67,[43],0,2,93,0,1,43,43,Low
user_39,2024-10-27,193,[40],3,3,73,0,1,40,40,Medium
user_39,2024-10-26,291,[78],0,2,55,1,1,78,78,High
user_39,2024-10-25,109,"[53, 98, 72, 79, 42]",4,1,69,2,5,98,98,Low
user_39,2024-10-24,192,"[75, 29, 58, 55]",4,3,82,0,4,75,55,Medium
user_39,2024-10-23,37,"[39, 87, 55, 57]",3,5,81,3,4,87,57,Low
user_39,2024-10-22,71,"[41, 63]",9,1,89,3,2,63,41,Low
user_39,2024-10-21,47,"[110, 79]",4,0,62,3,2,110,79,Low
user_39,2024-10-20,191,"[35, 51, 37, 104]",7,3,50,2,4,104,104,Medium
user_39,2024-10-19,157,"[106, 81]",4,4,53,2,2,106,81,Medium
user_40,2024-11-17,103,"[22, 110, 90]",0,0,92,2,3,110,22,Low
user_40,2024-11-16,58,[66],8,3,98,1,1,66,66,Low
user_40,2024-11-15,300,"[41, 62, 118, 51]",8,0,74,0,4,118,118,High
user_40,2024-11-14,118,[53],2,0,53,2,1,53,53,Low
user_40,2024-11-13,233,[31],1,5,78,2,1,31,31,High
user_40,2024-11-12,173,"[45, 59, 77, 49, 119]",9,4,76,0,5,119,49,Medium
user_40,2024-11-11,68,[36],6,1,87,1,1,36,36,Low
user_40,2024-11-10,230,"[87, 21, 110, 47]",8,0,58,2,4,110,110,High
user_40,2024-11-09,287,"[28, 66, 106]",9,4,91,1,3,106,106,High
user_40,2024-11-08,155,"[75, 78, 98, 78]",4,0,56,0,4,98,75,Medium
user_40,2024-11-07,99,"[39, 102]",0,3,95,3,2,102,102,Low
user_40,2024-11-06,85,"[30, 49]",2,1,100,1,2,49,49,Low
user_40,2024-11-05,31,"[97, 67, 92, 25, 66]",0,1,83,0,5,97,97,Low
user_40,2024-11-04,68,"[34, 107]",5,4,100,3,2,107,107,Low
user_40,2024-11-03,210,"[56, 50]",7,1,62,0,2,56,50,Medium
user_40,2024-11-02,70,"[24, 70, 29, 71, 44]",8,4,87,3,5,71,24,Low
user_40,2024-11-01,180,"[112, 95, 76, 13, 25]",1,4,78,2,5,112,25,Medium
user_40,2024-10-31,182,"[112, 35]",8,5,84,0,2,112,112,Medium
user_40,2024-10-30,138,"[20, 62, 112]",9,2,60,2,3,112,20,Medium
user_40,2024-10-29,49,"[65, 17, 76, 117]",1,1,95,2,4,117,65,Low
user_40,2024-10-28,251,"[14, 114, 104, 113]",7,5,97,1,4,114,104,High
user_40,2024-10-27,55,"[17, 103, 30, 34, 112]",7,2,74,3,5,112,34,Low
user_40,2024-10-26,239,"[53, 115, 90]",6,2,87,2,3,115,53,High
user_40,2024-10-25,97,"[62, 119, 28]",10,2,78,1,3,119,62,Low
user_40,2024-10-24,125,"[118, 115, 102]",8,4,70,3,3,118,115,Medium
user_40,2024-10-23,43,"[41, 113, 108, 35, 11]",2,5,76,2,5,113,108,Low
user_40,2024-10-22,195,"[98, 47, 46, 80, 24]",2,5,57,1,5,98,46,Medium
user_40,2024-10-21,113,"[44, 95, 56, 119]",6,0,100,0,4,119,56,Low
user_40,2024-10-20,287,"[46, 11]",6,0,78,3,2,46,46,High
user_40,2024-10-19,200,"[73, 105, 24, 62, 35]",1,4,96,3,5,105,105,Medium
user_41,2024-11-17,104,"[92, 89, 53, 89]",9,1,61,3,4,92,53,Low
user_41,2024-11-16,290,"[50, 91, 16]",6,2,89,1,3,91,16,High
user_41,2024-11-15,70,"[30, 17]",1,3,99,0,2,30,30,Low
user_41,2024-11-14,223,"[10, 89, 17]",10,0,82,3,3,89,89,High
user_41,2024-11-13,165,"[68, 36, 61, 12]",4,4,63,1,4,68,61,Medium
user_41,2024-11-12,277,"[103, 117, 115]",0,0,61,2,3,117,117,High
user_41,2024-11-11,41,"[19, 117, 67, 28]",8,1,50,2,4,117,67,Low
user_41,2024-11-10,46,[120],0,4,51,1,1,120,120,Low
user_41,2024-11-09,64,[89],6,1,61,0,1,89,89,Low
user_41,2024-11-08,207,[102],8,2,59,3,1,102,102,Medium
user_41,2024-11-07,76,"[77, 61]",6,3,96,1,2,77,61,Low
user_41,2024-11-06,38,"[62, 23]",4,4,94,1,2,62,62,Low
user_41,2024-11-05,83,"[72, 21]",5,3,93,2,2,72,21,Low
user_41,2024-11-04,219,"[91, 56, 86]",3,3,94,3,3,91,56,High
user_41,2024-11-03,117,[81],10,2,92,0,1,81,81,Low
user_41,2024-11-02,82,"[43, 56, 92]",7,0,94,0,3,92,92,Low
user_41,2024-11-01,180,"[42, 30, 61, 101, 76]",6,1,93,3,5,101,101,Medium
user_41,2024-10-31,31,"[11, 55, 95, 10, 80]",2,3,66,1,5,95,95,Low
user_41,2024-10-30,292,"[53, 23, 101, 101]",5,4,51,2,4,101,23,High
user_41,2024-10-29,81,"[37, 29, 46, 35, 65]",8,4,95,2,5,65,46,Low
user_41,2024-10-28,83,"[47, 21, 19, 83, 32]",4,4,54,2,5,83,19,Low
user_41,2024-10-27,127,"[75, 112]",5,1,62,2,2,112,75,Medium
user_41,2024-10-26,65,"[22, 14, 86, 44, 67]",1,1,96,2,5,86,44,Low
user_41,2024-10-25,286,"[118, 102, 44, 46, 32]",5,3,80,1,5,118,102,High
user_41,2024-10-24,95,"[54, 43, 101, 94]",9,4,92,0,4,101,94,Low
user_41,2024-10-23,99,"[112, 101, 74, 58, 20]",8,3,84,0,5,112,74,Low
user_41,2024-10-22,280,[108],6,0,91,3,1,108,108,High
user_41,2024-10-21,79,"[115, 95, 100, 113]",7,1,94,2,4,115,100,Low
user_41,2024-10-20,52,"[45, 43, 105]",4,5,77,0,3,105,105,Low
user_41,2024-10-19,84,[72],0,5,77,2,1,72,72,Low
user_42,2024-11-17,136,[16],4,1,71,2,1,16,16,Medium
user_42,2024-11-16,284,[45],1,1,57,1,1,45,45,High
user_42,2024-11-15,65,"[113, 76, 63, 41]",5,5,90,0,4,113,76,Low
user_42,2024-11-14,202,[99],9,3,69,2,1,99,99,Medium
user_42,2024-11-13,180,"[48, 71, 108, 91, 67]",6,4,76,1,5,108,67,Medium
user_42,2024-11-12,265,"[25, 34, 31, 36]",9,0,72,1,4,36,34,High
user_42,2024-11-11,213,[82],2,3,83,0,1,82,82,High
user_42,2024-11-10,40,"[26, 16, 13, 69]",10,2,80,2,4,69,16,Low
user_42,2024-11-09,288,"[97, 29]",4,4,54,3,2,97,97,High
user_42,2024-11-08,229,"[102, 57, 32]",4,3,91,2,3,102,57,High
user_42,2024-11-07,285,"[25, 52, 115, 82, 101]",3,4,70,0,5,115,101,High
user_42,2024-11-06,54,[23],5,1,57,0,1,23,23,Low
user_42,2024-11-05,263,[88],9,1,76,1,1,88,88,High
user_42,2024-11-04,76,"[63, 31, 95, 105, 19]",3,5,74,0,5,105,95,Low
user_42,2024-11-03,43,"[118, 51, 80]",1,5,62,2,3,118,80,Low
user_42,2024-11-02,68,[44],0,0,61,3,1,44,44,Low
user_42,2024-11-01,88,"[52, 10]",7,5,56,0,2,52,10,Low
user_42,2024-10-31,255,"[95, 46, 101, 42]",8,4,55,1,4,101,46,High
user_42,2024-10-30,246,"[74, 39, 116, 97]",4,4,100,3,4,116,97,High
user_42,2024-10-29,91,"[37, 113, 63, 71, 42]",7,4,76,3,5,113,113,Low
user_42,2024-10-28,222,"[118, 101, 32]",4,1,70,1,3,118,101,High
user_42,2024-10-27,237,"[23, 75]",5,2,73,2,2,75,75,High
user_42,2024-10-26,216,"[93, 89, 68]",8,4,71,2,3,93,68,High
user_42,2024-10-25,61,[100],0,5,92,1,1,100,100,Low
user_42,2024-10-24,299,"[46, 61, 37, 85]",0,0,93,0,4,85,46,High
user_42,2024-10-23,204,"[15, 42]",5,5,59,2,2,42,42,Medium
user_42,2024-10-22,254,"[84, 38, 23, 38, 13]",7,3,74,3,5,84,23,High
user_42,2024-10-21,282,[78],10,5,69,3,1,78,78,High
user_42,2024-10-20,34,"[17, 60, 79]",1,3,81,3,3,79,79,Low
user_42,2024-10-19,205,"[40, 67, 75, 59, 117]",9,0,87,1,5,117,67,Medium
user_43,2024-11-17,190,"[97, 53, 23, 40]",1,0,81,1,4,97,40,Medium
user_43,2024-11-16,196,"[52, 115]",3,5,92,1,2,115,115,Medium
user_43,2024-11-15,41,[17],10,3,66,0,1,17,17,Low
user_43,2024-11-14,184,"[48, 57, 114]",4,0,72,0,3,114,114,Medium
user_43,2024-11-13,244,[118],6,2,61,0,1,118,118,High
user_43,2024-11-12,51,"[113, 109]",7,4,94,3,2,113,113,Low
user_43,2024-11-11,198,"[108, 32, 53, 87, 83]",8,2,87,0,5,108,108,Medium
user_43,2024-11-10,74,"[87, 100]",10,5,98,0,2,100,100,Low
user_43,2024-11-09,245,"[115, 99, 19]",2,2,92,1,3,115,99,High
user_43,2024-11-08,165,"[67, 61]",5,1,65,2,2,67,67,Medium
user_43,2024-11-07,129,[29],6,5,55,2,1,29,29,Medium
user_43,2024-11-06,272,"[77, 45, 76]",9,4,79,1,3,77,76,High
user_43,2024-11-05,207,"[86, 118]",8,0,73,3,2,118,86,Medium
user_43,2024-11-04,264,"[63, 57, 46, 35]",3,0,56,3,4,63,35,High
user_43,2024-11-03,201,"[82, 19, 65, 88, 18]",3,2,51,2,5,88,19,Medium
user_43,2024-11-02,57,"[45, 69, 23]",8,0,68,2,3,69,23,Low
user_43,2024-11-01,86,"[16, 26, 19]",3,0,84,0,3,26,26,Low
user_43,2024-10-31,142,"[66, 110, 30, 47, 107]",2,5,67,2,5,110,107,Medium
user_43,2024-10-30,208,"[86, 56]",2,4,71,2,2,86,56,Medium
user_43,2024-10-29,160,[108],7,5,91,3,1,108,108,Medium
user_43,2024-10-28,64,"[47, 39, 45, 63]",5,3,78,3,4,63,45,Low
user_43,2024-10-27,166,"[120, 109, 112, 39, 112]",4,2,50,3,5,120,109,Medium
user_43,2024-10-26,136,"[21, 72, 85, 67, 66]",3,4,100,0,5,85,72,Medium
user_43,2024-10-25,50,[95],7,4,72,3,1,95,95,Low
user_43,2024-10-24,91,"[63, 22]",6,4,54,2,2,63,63,Low
user_43,2024-10-23,284,"[100, 28, 16, 109, 32]",9,0,95,2,5,109,28,High
user_43,2024-10-22,207,[113],10,0,68,0,1,113,113,Medium
user_43,2024-10-21,175,"[115, 37, 80, 109]",3,1,63,1,4,115,109,Medium
user_43,2024-10-20,275,"[51, 37, 85, 91, 46]",5,3,52,0,5,91,91,High
user_43,2024-10-19,170,[104],10,3,95,2,1,104,104,Medium
user_44,2024-11-17,227,"[75, 115, 95, 37]",2,0,56,2,4,115,75,High
user_44,2024-11-16,133,"[32, 63]",8,4,50,1,2,63,32,Medium
user_44,2024-11-15,38,"[44, 98]",9,3,94,3,2,98,98,Low
user_44,2024-11-14,164,"[13, 24, 37, 17]",8,3,81,1,4,37,17,Medium
user_44,2024-11-13,205,"[38, 113, 33, 42, 37]",10,4,88,3,5,113,42,Medium
user_44,2024-11-12,53,"[84, 119, 57]",5,0,75,3,3,119,119,Low
user_44,2024-11-11,147,"[72, 88]",0,4,79,2,2,88,72,Medium
user_44,2024-11-10,232,"[77, 119, 72, 103, 66]",2,1,77,3,5,119,72,High
user_44,2024-11-09,235,"[112, 39, 57]",3,4,95,1,3,112,39,High
user_44,2024-11-08,65,"[45, 55, 56]",9,3,79,3,3,56,55,Low
user_44,2024-11-07,78,"[61, 31, 46, 29]",2,2,92,1,4,61,31,Low
user_44,2024-11-06,123,"[10, 10, 108, 56]",2,3,96,1,4,108,108,Medium
user_44,2024-11-05,113,"[95, 33]",0,2,66,2,2,95,95,Low
user_44,2024-11-04,278,"[107, 113, 23, 103]",9,1,84,2,4,113,107,High
user_44,2024-11-03,275,"[85, 41, 59]",0,0,98,0,3,85,85,High
user_44,2024-11-02,279,"[82, 47, 17, 28, 81]",8,0,69,0,5,82,82,High
user_44,2024-11-01,168,"[100, 22, 30]",10,3,91,0,3,100,100,Medium
user_44,2024-10-31,246,"[114, 112]",7,0,50,1,2,114,112,High
user_44,2024-10-30,249,"[95, 72]",6,2,61,3,2,95,72,High
user_44,2024-10-29,269,"[84, 69]",9,3,63,0,2,84,69,High
user_44,2024-10-28,54,"[46, 56, 97, 72, 90]",1,3,53,2,5,97,72,Low
user_44,2024-10-27,236,[93],6,5,71,2,1,93,93,High
user_44,2024-10-26,244,"[102, 72, 33, 27]",1,2,77,2,4,102,72,High
user_44,2024-10-25,141,[104],5,0,53,3,1,104,104,Medium
user_44,2024-10-24,158,[44],0,4,82,3,1,44,44,Medium
user_44,2024-10-23,30,"[104, 38, 13, 74, 69]",5,0,75,1,5,104,13,Low
user_44,2024-10-22,298,"[29, 72, 38]",5,4,53,1,3,72,29,High
user_44,2024-10-21,172,"[41, 118]",9,2,56,3,2,118,41,Medium
user_44,2024-10-20,226,"[101, 20, 106]",7,2,97,1,3,106,20,High
user_44,2024-10-19,44,"[74, 37, 100, 96, 42]",6,5,89,0,5,100,42,Low
user_45,2024-11-17,247,[97],6,1,62,2,1,97,97,High
user_45,2024-11-16,153,"[112, 18, 87, 41, 99]",9,1,56,0,5,112,87,Medium
user_45,2024-11-15,101,"[102, 93]",3,2,64,3,2,102,102,Low
user_45,2024-11-14,146,"[14, 62, 117, 27]",0,4,53,0,4,117,27,Medium
user_45,2024-11-13,280,"[46, 104, 14, 28]",6,2,77,2,4,104,46,High
user_45,2024-11-12,217,"[80, 36, 97, 66]",7,5,95,0,4,97,80,High
user_45,2024-11-11,144,[109],8,0,50,1,1,109,109,Medium
user_45,2024-11-10,197,[115],5,5,83,3,1,115,115,Medium
user_45,2024-11-09,134,"[120, 23, 34]",1,3,83,2,3,120,23,Medium
user_45,2024-11-08,111,[34],2,0,87,0,1,34,34,Low
user_45,2024-11-07,212,[54],8,4,82,0,1,54,54,High
user_45,2024-11-06,178,"[62, 70, 68, 30]",5,2,95,1,4,70,30,Medium
user_45,2024-11-05,125,"[11, 115]",3,2,78,0,2,115,115,Medium
user_45,2024-11-04,177,[68],0,2,79,2,1,68,68,Medium
user_45,2024-11-03,32,[113],6,5,98,1,1,113,113,Low
user_45,2024-11-02,222,"[105, 52, 22, 96]",2,5,72,1,4,105,105,High
user_45,2024-11-01,188,"[71, 30, 97, 109, 69]",9,5,67,1,5,109,97,Medium
user_45,2024-10-31,47,"[76, 82, 30]",1,0,94,0,3,82,82,Low
user_45,2024-10-30,258,[35],1,0,57,2,1,35,35,High
user_45,2024-10-29,222,[50],8,2,96,2,1,50,50,High
user_45,2024-10-28,61,"[75, 44]",5,3,97,3,2,75,44,Low
user_45,2024-10-27,101,"[50, 30]",7,5,51,2,2,50,50,Low
user_45,2024-10-26,63,"[100, 20, 56, 79]",8,5,75,2,4,100,79,Low
user_45,2024-10-25,186,"[39, 116, 110]",2,1,78,1,3,116,39,Medium
user_45,2024-10-24,155,[99],7,1,68,0,1,99,99,Medium
user_45,2024-10-23,183,"[97, 51]",10,5,99,0,2,97,51,Medium
user_45,2024-10-22,108,"[25, 104, 20, 82]",10,3,82,0,4,104,20,Low
user_45,2024-10-21,50,"[66, 63, 59]",3,5,57,0,3,66,59,Low
user_45,2024-10-20,75,"[29, 74]",3,4,50,0,2,74,29,Low
user_45,2024-10-19,262,"[32, 47, 115, 26, 58]",6,3,51,0,5,115,32,High
user_46,2024-11-17,64,"[23, 57, 62, 105]",7,1,54,0,4,105,62,Low
user_46,2024-11-16,92,"[119, 13]",6,1,57,1,2,119,13,Low
user_46,2024-11-15,124,"[88, 62, 117, 92]",6,5,56,0,4,117,88,Medium
user_46,2024-11-14,222,"[90, 68, 106]",9,3,93,1,3,106,90,High
user_46,2024-11-13,279,[95],0,4,76,3,1,95,95,High
user_46,2024-11-12,119,"[70, 106]",6,1,62,3,2,106,70,Medium
user_46,2024-11-11,127,"[42, 41, 59, 61, 18]",10,4,84,3,5,61,41,Medium
user_46,2024-11-10,176,"[117, 50, 35, 118, 21]",1,1,70,3,5,118,118,Medium
user_46,2024-11-09,118,[28],5,4,59,3,1,28,28,Low
user_46,2024-11-08,196,"[50, 115, 94]",1,4,81,1,3,115,94,Medium
user_46,2024-11-07,83,"[115, 51, 16, 102]",4,2,60,2,4,115,16,Low
user_46,2024-11-06,211,"[108, 14, 88, 62]",9,3,89,2,4,108,108,High
user_46,2024-11-05,206,"[86, 42, 39]",10,1,100,1,3,86,42,Medium
user_46,2024-11-04,65,"[115, 43, 94, 17, 51]",0,5,68,2,5,115,94,Low
user_46,2024-11-03,94,"[13, 36, 96, 40, 13]",2,3,78,3,5,96,36,Low
user_46,2024-11-02,67,"[67, 48, 97, 57, 42]",10,3,72,3,5,97,97,Low
user_46,2024-11-01,98,[70],5,1,94,3,1,70,70,Low
user_46,2024-10-31,212,"[87, 10, 111, 76, 79]",9,4,65,0,5,111,111,High
user_46,2024-10-30,272,"[50, 27, 54, 16]",10,2,56,1,4,54,50,High
user_46,2024-10-29,42,"[46, 118, 79, 69]",6,3,70,2,4,118,46,Low
user_46,2024-10-28,221,[17],9,1,60,0,1,17,17,High
user_46,2024-10-27,229,"[110, 93, 82, 60, 33]",3,0,83,0,5,110,33,High
user_46,2024-10-26,172,"[93, 104, 15, 90, 41]",8,2,76,2,5,104,15,Medium
user_46,2024-10-25,113,[99],0,4,65,3,1,99,99,Low
user_46,2024-10-24,209,[14],7,4,77,2,1,14,14,Medium
user_46,2024-10-23,264,[10],10,4,75,1,1,10,10,High
user_46,2024-10-22,259,"[104, 95, 63, 93]",3,3,98,0,4,104,95,High
user_46,2024-10-21,97,"[11, 92, 49, 35]",5,0,78,3,4,92,92,Low
user_46,2024-10-20,79,"[70, 13, 47]",6,1,98,3,3,70,70,Low
user_46,2024-10-19,182,"[23, 70, 103]",1,1,89,0,3,103,23,Medium
user_47,2024-11-17,65,"[11, 39, 54]",2,3,65,0,3,54,54,Low
user_47,2024-11-16,202,"[55, 23, 20, 29, 23]",5,1,64,2,5,55,23,Medium
user_47,2024-11-15,248,"[111, 74]",1,0,100,2,2,111,111,High
user_47,2024-11-14,237,"[70, 80, 99]",5,5,100,0,3,99,99,High
user_47,2024-11-13,156,"[48, 31]",10,0,54,1,2,48,31,Medium
user_47,2024-11-12,221,"[65, 103, 101, 105, 110]",6,2,60,1,5,110,103,High
user_47,2024-11-11,203,"[77, 51, 103, 66]",3,2,79,3,4,103,51,Medium
user_47,2024-11-10,107,[91],2,4,57,3,1,91,91,Low
user_47,2024-11-09,110,"[19, 58]",10,2,79,1,2,58,19,Low
user_47,2024-11-08,170,"[108, 48, 58]",6,5,99,2,3,108,58,Medium
user_47,2024-11-07,57,"[37, 54]",8,3,59,0,2,54,37,Low
user_47,2024-11-06,246,"[19, 41]",5,1,61,1,2,41,19,High
user_47,2024-11-05,170,"[42, 113, 115, 35, 60]",6,1,63,0,5,115,35,Medium
user_47,2024-11-04,143,"[93, 47]",7,4,65,2,2,93,47,Medium
user_47,2024-11-03,112,[47],2,2,53,0,1,47,47,Low
user_47,2024-11-02,116,[87],2,0,63,1,1,87,87,Low
user_47,2024-11-01,227,[118],1,0,76,3,1,118,118,High
user_47,2024-10-31,67,[37],0,0,100,3,1,37,37,Low
user_47,2024-10-30,253,"[32, 13, 66, 89, 24]",8,5,66,3,5,89,24,High
user_47,2024-10-29,47,"[27, 56, 66]",4,1,66,2,3,66,66,Low
user_47,2024-10-28,258,"[109, 81]",8,3,69,0,2,109,109,High
user_47,2024-10-27,99,"[27, 61, 70, 114, 80]",7,4,63,3,5,114,27,Low
user_47,2024-10-26,217,"[19, 11, 117, 104]",7,0,54,0,4,117,117,High
user_47,2024-10-25,125,"[27, 70, 105, 35, 110]",5,5,75,1,5,110,35,Medium
user_47,2024-10-24,120,"[95, 110, 21]",9,0,75,2,3,110,95,Medium
user_47,2024-10-23,118,[52],2,0,57,2,1,52,52,Low
user_47,2024-10-22,286,"[27, 117, 75, 35, 55]",5,1,71,0,5,117,35,High
user_47,2024-10-21,241,[82],3,4,100,0,1,82,82,High
user_47,2024-10-20,242,"[66, 84]",8,1,54,3,2,84,84,High
user_47,2024-10-19,262,"[60, 114]",10,5,71,0,2,114,60,High
user_48,2024-11-17,134,"[12, 94, 23, 23, 46]",9,3,76,3,5,94,12,Medium
user_48,2024-11-16,128,"[34, 56]",5,4,86,3,2,56,56,Medium
user_48,2024-11-15,185,"[26, 61, 70, 47, 76]",4,3,96,1,5,76,26,Medium
user_48,2024-11-14,66,"[37, 72]",7,5,87,2,2,72,37,Low
user_48,2024-11-13,81,"[99, 45]",9,5,54,3,2,99,45,Low
user_48,2024-11-12,167,"[88, 83, 48]",3,5,75,1,3,88,88,Medium
user_48,2024-11-11,252,[106],7,1,92,2,1,106,106,High
user_48,2024-11-10,154,"[103, 94, 104, 91, 78]",7,5,75,3,5,104,91,Medium
user_48,2024-11-09,272,"[15, 99, 14, 16]",0,5,88,0,4,99,99,High
user_48,2024-11-08,239,"[14, 79, 109, 112]",0,1,60,0,4,112,112,High
user_48,2024-11-07,43,"[91, 25, 101, 110]",0,3,65,0,4,110,25,Low
user_48,2024-11-06,195,"[36, 103, 28, 101, 43]",0,2,73,1,5,103,103,Medium
user_48,2024-11-05,191,"[70, 88, 31, 116]",1,4,100,1,4,116,31,Medium
user_48,2024-11-04,122,[64],0,5,78,1,1,64,64,Medium
user_48,2024-11-03,146,"[21, 17]",4,4,88,3,2,21,17,Medium
user_48,2024-11-02,247,[41],3,5,77,2,1,41,41,High
user_48,2024-11-01,199,"[87, 64, 57, 99, 78]",9,1,55,0,5,99,99,Medium
user_48,2024-10-31,135,"[46, 97]",8,5,87,0,2,97,46,Medium
user_48,2024-10-30,292,"[34, 97, 35, 40, 60]",7,5,83,2,5,97,35,High
user_48,2024-10-29,185,"[43, 19, 106]",10,1,57,3,3,106,106,Medium
user_48,2024-10-28,54,"[59, 85, 17, 118]",7,3,52,3,4,118,17,Low
user_48,2024-10-27,187,[13],6,2,52,2,1,13,13,Medium
user_48,2024-10-26,180,[92],0,0,73,3,1,92,92,Medium
user_48,2024-10-25,108,[107],2,2,78,0,1,107,107,Low
user_48,2024-10-24,138,"[36, 15, 67]",1,4,80,1,3,67,36,Medium
user_48,2024-10-23,205,[96],8,2,74,2,1,96,96,Medium
user_48,2024-10-22,33,"[50, 55]",0,5,71,0,2,55,55,Low
user_48,2024-10-21,181,"[63, 64, 110, 55, 114]",10,1,67,2,5,114,55,Medium
user_48,2024-10-20,87,"[65, 18, 54, 11]",2,1,83,0,4,65,18,Low
user_48,2024-10-19,179,[101],6,1,71,3,1,101,101,Medium
user_49,2024-11-17,73,"[52, 74]",5,4,59,2,2,74,52,Low
user_49,2024-11-16,290,"[47, 19, 34]",4,5,75,1,3,47,47,High
user_49,2024-11-15,153,"[41, 69, 91, 33, 51]",5,3,53,3,5,91,41,Medium
user_49,2024-11-14,74,"[98, 85, 84]",9,1,72,3,3,98,85,Low
user_49,2024-11-13,219,"[77, 58]",2,5,54,0,2,77,58,High
user_49,2024-11-12,160,[38],2,5,80,0,1,38,38,Medium
user_49,2024-11-11,30,"[31, 71, 49, 52, 102]",1,4,60,1,5,102,49,Low
user_49,2024-11-10,228,"[50, 96, 96, 68, 114]",8,5,52,2,5,114,68,High
user_49,2024-11-09,65,"[68, 32]",7,2,74,2,2,68,68,Low
user_49,2024-11-08,42,"[110, 84, 111, 68]",5,1,79,3,4,111,110,Low
user_49,2024-11-07,248,"[119, 69, 73, 10, 30]",4,1,86,3,5,119,73,High
user_49,2024-11-06,252,"[63, 45, 33]",10,3,74,1,3,63,33,High
user_49,2024-11-05,100,"[23, 69, 63, 38, 108]",6,2,78,3,5,108,23,Low
user_49,2024-11-04,227,[24],4,0,60,2,1,24,24,High
user_49,2024-11-03,88,"[109, 16, 63, 28]",10,0,76,2,4,109,109,Low
user_49,2024-11-02,233,"[44, 112, 61, 94, 102]",7,3,91,0,5,112,112,High
user_49,2024-11-01,142,"[90, 99, 76, 35, 46]",8,0,74,1,5,99,35,Medium
user_49,2024-10-31,276,"[56, 85]",2,4,57,3,2,85,56,High
user_49,2024-10-30,46,"[63, 115, 33]",9,0,69,0,3,115,115,Low
user_49,2024-10-29,163,[59],4,4,94,2,1,59,59,Medium
user_49,2024-10-28,76,"[30, 37, 50]",10,5,87,3,3,50,37,Low
user_49,2024-10-27,52,"[57, 73, 21]",3,2,91,2,3,73,21,Low
user_49,2024-10-26,156,"[112, 45]",7,0,95,3,2,112,112,Medium
user_49,2024-10-25,119,"[14, 63, 103]",1,2,68,1,3,103,63,Medium
user_49,2024-10-24,49,"[102, 30, 38, 32]",6,5,92,1,4,102,102,Low
user_49,2024-10-23,54,"[50, 66]",10,1,89,3,2,66,50,Low
user_49,2024-10-22,277,"[59, 120, 90]",8,4,93,2,3,120,59,High
user_49,2024-10-21,259,"[38, 57, 47]",8,4,51,2,3,57,47,High
user_49,2024-10-20,86,"[97, 59, 23]",3,1,84,0,3,97,23,Low
user_49,2024-10-19,255,"[114, 50]",10,1,71,2,2,114,50,High
user_50,2024-11-17,68,"[41, 49, 63, 93]",7,4,73,1,4,93,41,Low
user_50,2024-11-16,217,"[22, 29, 21]",2,3,91,3,3,29,29,High
user_50,2024-11-15,270,"[41, 88, 63, 59, 81]",4,2,59,1,5,88,63,High
user_50,2024-11-14,209,"[49, 112, 101, 98, 68]",3,1,86,1,5,112,68,Medium
user_50,2024-11-13,168,"[93, 62, 83]",10,2,88,0,3,93,93,Medium
user_50,2024-11-12,100,[44],8,2,72,1,1,44,44,Low
user_50,2024-11-11,290,"[33, 116, 112, 109]",10,1,65,2,4,116,109,High
user_50,2024-11-10,31,"[15, 76]",9,4,91,1,2,76,76,Low
user_50,2024-11-09,143,"[87, 100, 117, 46, 45]",7,3,97,2,5,117,117,Medium
user_50,2024-11-08,186,[96],6,3,81,2,1,96,96,Medium
user_50,2024-11-07,276,[18],10,2,59,0,1,18,18,High
user_50,2024-11-06,160,"[16, 69, 71, 110]",3,0,58,3,4,110,110,Medium
user_50,2024-11-05,91,[112],10,3,59,1,1,112,112,Low
user_50,2024-11-04,236,"[105, 62, 87, 47]",5,3,53,3,4,105,62,High
user_50,2024-11-03,74,"[102, 100]",10,4,55,0,2,102,102,Low
user_50,2024-11-02,69,"[70, 75, 76]",4,4,74,2,3,76,76,Low
user_50,2024-11-01,122,"[29, 35, 72, 20]",2,2,68,3,4,72,72,Medium
user_50,2024-10-31,179,"[28, 42, 10, 67, 90]",5,2,94,1,5,90,42,Medium
user_50,2024-10-30,44,"[15, 119, 19, 54]",8,2,64,3,4,119,119,Low
user_50,2024-10-29,75,"[23, 85, 94, 71, 77]",8,4,85,2,5,94,23,Low
user_50,2024-10-28,45,"[113, 106, 19, 72]",5,3,74,0,4,113,106,Low
user_50,2024-10-27,124,[33],8,2,51,2,1,33,33,Medium
user_50,2024-10-26,100,[43],6,4,51,0,1,43,43,Low
user_50,2024-10-25,154,"[10, 95, 33, 18, 62]",2,3,84,0,5,95,62,Medium
user_50,2024-10-24,57,"[30, 67]",8,0,87,0,2,67,30,Low
user_50,2024-10-23,77,"[89, 86]",5,2,74,2,2,89,89,Low
user_50,2024-10-22,113,"[54, 17, 96]",6,1,97,1,3,96,17,Low
user_50,2024-10-21,80,"[10, 114, 97, 92]",9,2,55,3,4,114,97,Low
user_50,2024-10-20,235,[96],10,1,53,0,1,96,96,High
user_50,2024-10-19,58,"[18, 25]",9,3,82,2,2,25,18,Low
